News Outlet,Tweet Date,Tweet Lag,Tweet Text,Positive Score,Negative Score,Neutral Score,Compound Score
@BBCWorld,Tue Jul 31 10:21:49 +0000 2018,1,Southern Agricultural Show: 'Special' bull named supreme champion https://t.co/3GyOfgeXkj,0.517,0.0,0.483,0.8176
@BBCWorld,Tue Jul 31 10:11:57 +0000 2018,2,"The battle to stop former Islamic State fighters getting to Europe 

https://t.co/FFeNmOa2ne https://t.co/pUFcKzoKaS",0.0,0.375,0.625,-0.6124
@BBCWorld,Tue Jul 31 09:21:52 +0000 2018,3,"Miss Helen, shark stolen in a pram, recovering in US aquarium https://t.co/jPxIarATwO",0.0,0.348,0.652,-0.5859
@BBCWorld,Tue Jul 31 08:57:57 +0000 2018,4,Zimbabwe election: Mnangagwa and Chamisa both upbeat https://t.co/42xf894DGv,0.0,0.0,1.0,0.0
@BBCWorld,Tue Jul 31 07:52:33 +0000 2018,5,New Zealand sexist road sign changed by seven-year-old girl https://t.co/ooHEslKjhD,0.0,0.0,1.0,0.0
@BBCWorld,Tue Jul 31 07:47:23 +0000 2018,6,India telecom chief denies losing dare to hackers https://t.co/VjFUWULMcW,0.0,0.435,0.565,-0.6597
@BBCWorld,Tue Jul 31 07:14:46 +0000 2018,7,"RT @BBCNewsbeat: Fans have praised Chrissy Teigan for showing her 'mom bod' üôå
https://t.co/H21BRMFeYr",0.186,0.0,0.814,0.4939
@BBCWorld,Tue Jul 31 07:02:10 +0000 2018,8,Does the death penalty deter rape in India? https://t.co/x214kpsRsn,0.0,0.659,0.341,-0.9118
@BBCWorld,Tue Jul 31 05:49:49 +0000 2018,9,False widow spider 'devours' native lizard https://t.co/JRGZdGVoCd,0.0,0.0,1.0,0.0
@BBCWorld,Tue Jul 31 03:37:41 +0000 2018,10,Lombok earthquake: 543 hikers evacuated from Mt Rinjani https://t.co/osNkO31id8,0.0,0.0,1.0,0.0
@BBCWorld,Tue Jul 31 03:16:41 +0000 2018,11,Backpackers attacked with shovel in Australian bush https://t.co/ZuioxsSWKf,0.0,0.3,0.7,-0.4588
@BBCWorld,Tue Jul 31 02:40:07 +0000 2018,12,"RT @AboutTheBBC: More women than ever before are watching, reading and listening to the BBC in #Afghanistan, thanks to @BBCWorldService htt‚Ä¶",0.127,0.0,0.873,0.4404
@BBCWorld,Tue Jul 31 02:25:20 +0000 2018,13,"North Korea 'working on new missiles', US officials say https://t.co/N84Oc6IKIS",0.0,0.0,1.0,0.0
@BBCWorld,Tue Jul 31 01:52:42 +0000 2018,14,"RT @bbcweather: #Winterlude will feel like a distant memory by this weekend, especially for those in the southern half of the country where‚Ä¶",0.106,0.0,0.894,0.3612
@BBCWorld,Tue Jul 31 00:54:45 +0000 2018,15,UK man's rape conviction quashed in Sydney https://t.co/RXY0qDtVjG,0.0,0.402,0.598,-0.6908
@BBCWorld,Tue Jul 31 00:44:23 +0000 2018,16,Fast fashion: Inside the fight to end the silence on waste https://t.co/u6PCrBbNCm,0.0,0.351,0.649,-0.6597
@BBCWorld,Tue Jul 31 00:28:38 +0000 2018,17,"Paul Manafort, ex-Trump campaign chief, to begin trial https://t.co/I3W0ZIkHVg",0.0,0.0,1.0,0.0
@BBCWorld,Tue Jul 31 00:23:25 +0000 2018,18,Letter from Africa: How bruised is President Buhari by defections? https://t.co/hzZ9EhPvSo,0.0,0.2,0.8,-0.3612
@BBCWorld,Tue Jul 31 00:12:41 +0000 2018,19,Reality Check: Will the EHIC be valid after Brexit? https://t.co/Usfpl292I6,0.0,0.0,1.0,0.0
@BBCWorld,Tue Jul 31 00:04:09 +0000 2018,20,Intrepid French hunt for sunken warships Cordeli√®re and Regent https://t.co/983c4pRhFJ,0.0,0.143,0.857,-0.128
@BBCWorld,Tue Jul 31 10:21:49 +0000 2018,21,Southern Agricultural Show: 'Special' bull named supreme champion https://t.co/3GyOfgeXkj,0.517,0.0,0.483,0.8176
@BBCWorld,Tue Jul 31 10:11:57 +0000 2018,22,"The battle to stop former Islamic State fighters getting to Europe 

https://t.co/FFeNmOa2ne https://t.co/pUFcKzoKaS",0.0,0.375,0.625,-0.6124
@BBCWorld,Tue Jul 31 09:21:52 +0000 2018,23,"Miss Helen, shark stolen in a pram, recovering in US aquarium https://t.co/jPxIarATwO",0.0,0.348,0.652,-0.5859
@BBCWorld,Tue Jul 31 08:57:57 +0000 2018,24,Zimbabwe election: Mnangagwa and Chamisa both upbeat https://t.co/42xf894DGv,0.0,0.0,1.0,0.0
@BBCWorld,Tue Jul 31 07:52:33 +0000 2018,25,New Zealand sexist road sign changed by seven-year-old girl https://t.co/ooHEslKjhD,0.0,0.0,1.0,0.0
@BBCWorld,Tue Jul 31 07:47:23 +0000 2018,26,India telecom chief denies losing dare to hackers https://t.co/VjFUWULMcW,0.0,0.435,0.565,-0.6597
@BBCWorld,Tue Jul 31 07:14:46 +0000 2018,27,"RT @BBCNewsbeat: Fans have praised Chrissy Teigan for showing her 'mom bod' üôå
https://t.co/H21BRMFeYr",0.186,0.0,0.814,0.4939
@BBCWorld,Tue Jul 31 07:02:10 +0000 2018,28,Does the death penalty deter rape in India? https://t.co/x214kpsRsn,0.0,0.659,0.341,-0.9118
@BBCWorld,Tue Jul 31 05:49:49 +0000 2018,29,False widow spider 'devours' native lizard https://t.co/JRGZdGVoCd,0.0,0.0,1.0,0.0
@BBCWorld,Tue Jul 31 03:37:41 +0000 2018,30,Lombok earthquake: 543 hikers evacuated from Mt Rinjani https://t.co/osNkO31id8,0.0,0.0,1.0,0.0
@BBCWorld,Tue Jul 31 03:16:41 +0000 2018,31,Backpackers attacked with shovel in Australian bush https://t.co/ZuioxsSWKf,0.0,0.3,0.7,-0.4588
@BBCWorld,Tue Jul 31 02:40:07 +0000 2018,32,"RT @AboutTheBBC: More women than ever before are watching, reading and listening to the BBC in #Afghanistan, thanks to @BBCWorldService htt‚Ä¶",0.127,0.0,0.873,0.4404
@BBCWorld,Tue Jul 31 02:25:20 +0000 2018,33,"North Korea 'working on new missiles', US officials say https://t.co/N84Oc6IKIS",0.0,0.0,1.0,0.0
@BBCWorld,Tue Jul 31 01:52:42 +0000 2018,34,"RT @bbcweather: #Winterlude will feel like a distant memory by this weekend, especially for those in the southern half of the country where‚Ä¶",0.106,0.0,0.894,0.3612
@BBCWorld,Tue Jul 31 00:54:45 +0000 2018,35,UK man's rape conviction quashed in Sydney https://t.co/RXY0qDtVjG,0.0,0.402,0.598,-0.6908
@BBCWorld,Tue Jul 31 00:44:23 +0000 2018,36,Fast fashion: Inside the fight to end the silence on waste https://t.co/u6PCrBbNCm,0.0,0.351,0.649,-0.6597
@BBCWorld,Tue Jul 31 00:28:38 +0000 2018,37,"Paul Manafort, ex-Trump campaign chief, to begin trial https://t.co/I3W0ZIkHVg",0.0,0.0,1.0,0.0
@BBCWorld,Tue Jul 31 00:23:25 +0000 2018,38,Letter from Africa: How bruised is President Buhari by defections? https://t.co/hzZ9EhPvSo,0.0,0.2,0.8,-0.3612
@BBCWorld,Tue Jul 31 00:12:41 +0000 2018,39,Reality Check: Will the EHIC be valid after Brexit? https://t.co/Usfpl292I6,0.0,0.0,1.0,0.0
@BBCWorld,Tue Jul 31 00:04:09 +0000 2018,40,Intrepid French hunt for sunken warships Cordeli√®re and Regent https://t.co/983c4pRhFJ,0.0,0.143,0.857,-0.128
@BBCWorld,Mon Jul 30 21:42:28 +0000 2018,41,IS claims fatal Tajik attack on foreign cyclists https://t.co/7VP5WZTUBY,0.0,0.485,0.515,-0.765
@BBCWorld,Mon Jul 30 21:31:47 +0000 2018,42,James Gunn: Guardians of the Galaxy cast back fired director https://t.co/eH8uqQ9Ocd,0.0,0.265,0.735,-0.5574
@BBCWorld,Mon Jul 30 21:07:36 +0000 2018,43,Les Moonves: No immediate CBS action on harassment claims https://t.co/rflNRh1wIu,0.0,0.416,0.584,-0.6908
@BBCWorld,Mon Jul 30 19:23:22 +0000 2018,44,Trump says ready to meet Iran's Rouhani https://t.co/69paQojCmD,0.263,0.0,0.737,0.3612
@BBCWorld,Mon Jul 30 18:29:25 +0000 2018,45,Trump has 'no problem' with a government shutdown https://t.co/dZlkEFCU1l,0.0,0.45,0.55,-0.5994
@BBCWorld,Mon Jul 30 18:13:33 +0000 2018,46,Russia World Cup: Pussy Riot protesters detained on leaving jail https://t.co/5ZqkwThqK4,0.0,0.506,0.494,-0.802
@BBCWorld,Mon Jul 30 17:46:25 +0000 2018,47,US airport security secretly monitors US citizens on flights https://t.co/ZLdDScljFA,0.211,0.0,0.789,0.34
@BBCWorld,Mon Jul 30 17:43:34 +0000 2018,48,Italy earthquake 'hero dog' found dead https://t.co/JfPj67H2FT,0.279,0.333,0.388,-0.1779
@BBCWorld,Mon Jul 30 17:40:34 +0000 2018,49,Lionel Messi shows his üêï why he's the üêê https://t.co/UKTrKFiQTB,0.0,0.0,1.0,0.0
@BBCWorld,Mon Jul 30 16:32:04 +0000 2018,50,Irish man found in Sydney with serious head injuries https://t.co/LefmSabzB6,0.0,0.126,0.874,-0.0772
@BBCWorld,Mon Jul 30 15:28:38 +0000 2018,51,"RT @bbcthree: In Georgia, techno raves are a form of revolution by liberal youth against far-right groups: https://t.co/EtL705ARya https://‚Ä¶",0.0,0.0,1.0,0.0
@BBCWorld,Mon Jul 30 15:19:45 +0000 2018,52,Taliban sources confirm Qatar meeting with senior US diplomat https://t.co/7XUciF0q5V,0.0,0.0,1.0,0.0
@BBCWorld,Mon Jul 30 14:30:27 +0000 2018,53,Archbishop Philip Wilson resigns after sex abuse cover-up https://t.co/WJmW74q9H7,0.0,0.592,0.408,-0.8271
@BBCWorld,Mon Jul 30 14:04:28 +0000 2018,54,Julian Assange: Campaigner or attention-seeker? https://t.co/NHyR7bFPji,0.0,0.0,1.0,0.0
@BBCWorld,Mon Jul 30 13:51:07 +0000 2018,55,Chinese ex-online tsar Lu Wei charged with bribery https://t.co/g99KESkY2B,0.0,0.184,0.816,-0.2023
@BBCWorld,Mon Jul 30 13:43:48 +0000 2018,56,Grace Mugabe's immunity annulled by South African court https://t.co/twjtwtlt8Z,0.259,0.0,0.741,0.4215
@BBCWorld,Mon Jul 30 13:14:49 +0000 2018,57,"""What happened to the Rohingya in Myanmar could happen to us here. We are afraid.""

Villagers in the Indian state o‚Ä¶ https://t.co/9bBAPAbynj",0.0,0.0,1.0,0.0
@BBCWorld,Mon Jul 30 13:04:41 +0000 2018,58,Kenya race row retailer Chandarana Foodplus defies governor https://t.co/AY27qJXzgg,0.0,0.0,1.0,0.0
@BBCWorld,Mon Jul 30 12:51:00 +0000 2018,59,"RT @BBCSport: Sad news. 

Olympic cross-country skiing gold medallist Vibeke Skofterud has died in a jet-skiing accident at the age of 38.‚Ä¶",0.0,0.353,0.647,-0.8689
@BBCWorld,Mon Jul 30 12:33:10 +0000 2018,60,Germany gripped by #MeTwo racism debate https://t.co/rD9gkdNd8y,0.0,0.406,0.594,-0.6249
@BBCWorld,Mon Jul 30 12:30:29 +0000 2018,61,Julian Assange in the Ecuadorian embassy: Timeline https://t.co/JmBR57v0sD,0.0,0.0,1.0,0.0
@BBCWorld,Mon Jul 30 12:20:25 +0000 2018,62,Ramsey by-election turnout 'disappointing' https://t.co/vFkpt0REAq,0.0,0.0,1.0,0.0
@BBCWorld,Mon Jul 30 11:54:29 +0000 2018,63,India leopard attack: Baby injured after being snatched in Gujarat https://t.co/B9dKthEC20,0.0,0.392,0.608,-0.7003
@BBCWorld,Mon Jul 30 11:36:47 +0000 2018,64,Ben-my-Chree returns after 'unprecedented' turbo failure https://t.co/QJhKIEiB02,0.0,0.355,0.645,-0.5106
@BBCWorld,Mon Jul 30 11:28:53 +0000 2018,65,France shocked over video of woman being slapped by harasser https://t.co/1dhWKCZVcl,0.0,0.388,0.612,-0.6908
@BBCWorld,Mon Jul 30 11:18:20 +0000 2018,66,Why Jeremy Hunt's 'Japanese' wife gaffe is a bad mistake https://t.co/QF7F2ALAHV,0.0,0.424,0.576,-0.7096
@BBCWorld,Mon Jul 30 10:14:32 +0000 2018,67,"This shocking video of prison brutality has caused an outcry in Russia 

https://t.co/7ZhUO7RvAB https://t.co/OKiSkkyWsu",0.0,0.571,0.429,-0.9231
@BBCWorld,Mon Jul 30 09:10:44 +0000 2018,68,Algeria profile - Timeline https://t.co/wiGpiNuvxZ,0.0,0.0,1.0,0.0
@BBCWorld,Mon Jul 30 09:08:04 +0000 2018,69,Algeria country profile https://t.co/TdAyD9oAsN,0.0,0.0,1.0,0.0
@BBCWorld,Mon Jul 30 09:04:56 +0000 2018,70,A mystery solved after more than 60 years https://t.co/leRo6RYbSG,0.231,0.0,0.769,0.2732
@BBCWorld,Mon Jul 30 08:59:59 +0000 2018,71,RT @BBCNewsbeat: The Melbourne residents managed to trap the kangaroo in the bathroom üá¶üá∫ https://t.co/FcVuTn9wBY,0.0,0.141,0.859,-0.3182
@BBCWorld,Mon Jul 30 08:40:52 +0000 2018,72,Tajikistan probes 'attack' that left four foreign cyclists dead https://t.co/OFZ0UL44Iz,0.0,0.323,0.677,-0.6486
@BBCWorld,Mon Jul 30 07:20:46 +0000 2018,73,Cricket Australia accused of sacking woman over abortion tweets https://t.co/c1RxNj9sAg,0.0,0.196,0.804,-0.296
@BBCWorld,Mon Jul 30 07:17:25 +0000 2018,74,"RT @BBCIndia: With Bangladesh unlikely to accept them, where will these millions of people go? @soutikBBC writes.
 https://t.co/CjXFO46ljq",0.133,0.0,0.867,0.3818
@BBCWorld,Mon Jul 30 07:17:19 +0000 2018,75,"RT @BBCBenThompson: As one of Britain's largest travel firms stops selling tickets to marine parks that keep killer whales, we want to know‚Ä¶",0.048,0.217,0.735,-0.6808
@BBCWorld,Mon Jul 30 07:05:02 +0000 2018,76,What happens to India's four million 'stateless' people? https://t.co/rvyHpVB4Js,0.0,0.0,1.0,0.0
@BBCWorld,Mon Jul 30 04:32:56 +0000 2018,77,Karunanidhi health: Tamil Nadu former chief minister in hospital https://t.co/WdJUgteql0,0.0,0.0,1.0,0.0
@BBCWorld,Mon Jul 30 03:35:00 +0000 2018,78,Assam: Millions risk losing India citizenship https://t.co/9W0UAICIo9,0.0,0.485,0.515,-0.5719
@BBCWorld,Mon Jul 30 03:04:30 +0000 2018,79,"RT @BBCNewsAsia: ""Massive damage."" 

More than 100 people are trapped on Mount Rinjani, a popular hiking destination on the Indonesian tour‚Ä¶",0.116,0.14,0.744,-0.1531
@BBCWorld,Mon Jul 30 02:45:55 +0000 2018,80,Lombok: Hikers trapped on mountain after earthquake https://t.co/5p6F8Myo0a,0.0,0.327,0.673,-0.5267
@BBCWorld,Mon Jul 30 02:38:22 +0000 2018,81,Zimbabwe election: Voters set for first ballot without Mugabe https://t.co/CdRCJBTPHZ,0.0,0.0,1.0,0.0
@BBCWorld,Mon Jul 30 02:22:52 +0000 2018,82,'Panicked' kangaroo smashes way into Australian home https://t.co/wLSLr3sIsX,0.0,0.0,1.0,0.0
@BBCWorld,Mon Jul 30 00:40:38 +0000 2018,83,Russian outcry over prison brutality video https://t.co/bYLBXe422C,0.0,0.726,0.274,-0.891
@BBCWorld,Sun Jul 29 21:35:32 +0000 2018,84,California fire: Deadly blazes continues to grow https://t.co/ci6JB4bMN2,0.0,0.255,0.745,-0.34
@BBCWorld,Sun Jul 29 21:14:42 +0000 2018,85,Why Trump attacks the media https://t.co/Ro5lGDrsRG,0.0,0.367,0.633,-0.4404
@BBCWorld,Sun Jul 29 20:08:53 +0000 2018,86,French skier who disappeared in Italy in 1954 is finally identified https://t.co/WeGSPRuv1O,0.0,0.147,0.853,-0.2263
@BBCWorld,Sun Jul 29 17:13:09 +0000 2018,87,"RT @BBCSport: Geraint Thomas has done it! üëèüè¥Û†ÅßÛ†Å¢Û†Å∑Û†Å¨Û†Å≥Û†Åø

He's become the first ever Welshman to win the Tour de France üëâ https://t.co/ZtkRdPtGio‚Ä¶",0.146,0.0,0.854,0.6239
@BBCWorld,Sun Jul 29 16:53:16 +0000 2018,88,New York Times tells Trump: Don't call reporters enemies of the people https://t.co/nEFpbba3pn,0.18,0.0,0.82,0.3875
@BBCWorld,Sun Jul 29 16:50:38 +0000 2018,89,"RT @BBCSport: Less than 20km to go until Geraint Thomas wins the Tour de France for the first time! üëè

Live üëâ https://t.co/ZtkRdPtGio https‚Ä¶",0.129,0.0,0.871,0.6114
@BBCWorld,Sun Jul 29 15:18:41 +0000 2018,90,Ethiopian dam engineer Simegnew Bekele's funeral draws thousands https://t.co/rYSuKlqcjo,0.0,0.238,0.762,-0.3612
@BBCWorld,Sun Jul 29 14:59:44 +0000 2018,91,"RT @bbcf1: ""We came here knowing Ferrari would be really quick this weekend so to come out with these points, we'll definitely take it as a‚Ä¶",0.097,0.0,0.903,0.4019
@BBCWorld,Sun Jul 29 14:59:24 +0000 2018,92,RT @BBCSport: Lewis Hamilton won a tense strategic battle at the Hungarian Grand Prix. He heads into the break with a 24-point lead in the‚Ä¶,0.218,0.163,0.619,0.4019
@BBCWorld,Sun Jul 29 14:59:10 +0000 2018,93,"RT @BBCSport: Lewis Hamilton has won the #HungarianGP for the sixth time. 

His lead in the championship is up to 24 points.

Reaction: htt‚Ä¶",0.231,0.0,0.769,0.765
@BBCWorld,Sun Jul 29 14:52:39 +0000 2018,94,Cambodia election: Ruling party claims landslide in vote with no main opposition https://t.co/Jrc8E9Zchg,0.17,0.138,0.692,0.128
@BBCWorld,Sun Jul 29 14:22:58 +0000 2018,95,"RT @BBCSport: Today's the day!

Geraint Thomas is set to make Tour de France history üëè

We're live üëâ https://t.co/ZtkRdPtGio #bbccycling ht‚Ä¶",0.0,0.0,1.0,0.0
@BBCWorld,Sun Jul 29 12:13:59 +0000 2018,96,Surveying the damage in Lombok after a powerful earthquake hit the popular tourist destination in Indonesia‚Ä¶ https://t.co/7tNtDeRPPy,0.257,0.147,0.596,0.34
@BBCWorld,Sun Jul 29 12:10:08 +0000 2018,97,Zimbabwe election: Robert Mugabe gives surprise speech on eve of poll https://t.co/Qog0b6oNFY,0.16,0.0,0.84,0.2732
@BBCWorld,Sun Jul 29 11:02:24 +0000 2018,98,"RT @BBCNews: What's the least popular emoji on Twitter? üò¢

https://t.co/q003FloumJ https://t.co/mz0fImuUpB",0.0,0.331,0.669,-0.6632
@BBCWorld,Sun Jul 29 09:56:18 +0000 2018,99,"RT @BBCNews: üêçüò±

Woman wakes to find 'escaped' python in her bed 

https://t.co/4dlj1HGnh1 https://t.co/xS8Gs6bXrF",0.0,0.0,1.0,0.0
@BBCWorld,Sun Jul 29 09:55:46 +0000 2018,100,Polar bear shot dead after attacking cruise ship guard https://t.co/EPNLOiO5SM,0.0,0.477,0.523,-0.8074
@CBSNews,Tue Jul 31 10:31:39 +0000 2018,1,"RT @CBSThisMorning: THIS MORNING:
üîú@PaulaReidCBS  with what you need to know on Manafort trial
üîú@cbsmireya  has the latest on the Californi‚Ä¶",0.0,0.0,1.0,0.0
@CBSNews,Tue Jul 31 10:19:55 +0000 2018,2,"Publix says dogs aren't allowed in store shopping carts, including service animals https://t.co/xjaQ9iH6yZ https://t.co/rtnnytfBXk",0.0,0.0,1.0,0.0
@CBSNews,Tue Jul 31 10:10:20 +0000 2018,3,Which tech companies have the most workers who feel overpaid? https://t.co/zz7STCd0aT https://t.co/f1sIVBig0l,0.0,0.0,1.0,0.0
@CBSNews,Tue Jul 31 10:03:05 +0000 2018,4,"""Sinking coffins"": Lawsuit seeks $100 million for duck boat victims https://t.co/USYoij0Wy0 https://t.co/q7NBREGZBY",0.0,0.296,0.704,-0.4939
@CBSNews,Tue Jul 31 10:02:53 +0000 2018,5,"More Americans are forced to ""reside"" in their vehicles https://t.co/o36frw9xLs https://t.co/draz1dOUAm",0.0,0.246,0.754,-0.5046
@CBSNews,Tue Jul 31 09:53:31 +0000 2018,6,What you need to know about the Paul Manafort trial https://t.co/ZWKHr9Xx7k https://t.co/pXtTRu5dS5,0.0,0.0,1.0,0.0
@CBSNews,Tue Jul 31 09:48:03 +0000 2018,7,"""Guardians of the Galaxy"" cast writes letter in support of ousted director James Gunn https://t.co/3ULrDx6jUK https://t.co/jJ5TvjMrxJ",0.153,0.0,0.847,0.4019
@CBSNews,Tue Jul 31 09:45:28 +0000 2018,8,"What the SEC‚Äôs ""best interest"" rule for advisers won't do for investors https://t.co/NYQNRH8HKr https://t.co/CGXoYzsYNQ",0.375,0.0,0.625,0.802
@CBSNews,Tue Jul 31 09:38:05 +0000 2018,9,Man caught on video setting fire at NYC gas station https://t.co/mYbPoCHMln https://t.co/NueMJ3Tdtj,0.0,0.179,0.821,-0.34
@CBSNews,Tue Jul 31 09:32:05 +0000 2018,10,"Gun battle, hostages reportedly held after blast in Afghan city https://t.co/YsMgKr9yFy https://t.co/tGCmqUCxBl",0.0,0.333,0.667,-0.6124
@CBSNews,Tue Jul 31 09:18:04 +0000 2018,11,"Jeff Sessions announces creation of ""religious liberty task force"" https://t.co/WBuihimhn8 https://t.co/gjjyvxPcQr",0.379,0.0,0.621,0.6705
@CBSNews,Tue Jul 31 09:03:04 +0000 2018,12,Self-driving passenger vans hit the road in Texas city https://t.co/In3nTGE0H5 https://t.co/vMoU4e4NY1,0.0,0.0,1.0,0.0
@CBSNews,Tue Jul 31 08:54:07 +0000 2018,13,"""Bigfoot erotica"" becoming issue in pivotal congressional race https://t.co/h6h4nE9oaL https://t.co/fzEyD3297P",0.0,0.0,1.0,0.0
@CBSNews,Tue Jul 31 08:48:03 +0000 2018,14,"Advances in IVF testing spurring debate over ""mosaic"" embryos https://t.co/BdMSaU5Eg7 https://t.co/xTpSFs4Lzj",0.0,0.0,1.0,0.0
@CBSNews,Tue Jul 31 08:33:03 +0000 2018,15,"Bridesmaid begs JetBlue for refund after bride asks her ""to relinquish"" her role via email https://t.co/a7DPnSEKeb https://t.co/ViKhAy0vz9",0.0,0.0,1.0,0.0
@CBSNews,Tue Jul 31 08:18:03 +0000 2018,16,Canada Dry sued over lack of ginger in ginger ale https://t.co/f6bxiPX0Qy https://t.co/wecaxybmUj,0.0,0.173,0.827,-0.3182
@CBSNews,Tue Jul 31 08:03:05 +0000 2018,17,"Brian Christopher Lawler, former WWE star, dead at 46 https://t.co/trC4JuVb9F https://t.co/TCOl8YrYKs",0.0,0.301,0.699,-0.6486
@CBSNews,Tue Jul 31 07:48:04 +0000 2018,18,Fawn gives cop a kiss after California wildfire rescue https://t.co/xW6KWfx3fi https://t.co/SFJIJFx3f8,0.433,0.0,0.567,0.7269
@CBSNews,Tue Jul 31 07:33:03 +0000 2018,19,Family of man fatally shot while fleeing Chicago police files lawsuit https://t.co/Of46dZ6jT5 https://t.co/O7ln8keL9X,0.0,0.357,0.643,-0.7269
@CBSNews,Tue Jul 31 07:18:04 +0000 2018,20,"Barack Obama, Joe Biden spotted together at Washington, D.C., bakery https://t.co/nZHj94JBIS https://t.co/Uq06n4A1vJ",0.0,0.0,1.0,0.0
@CBSNews,Tue Jul 31 10:31:39 +0000 2018,21,"RT @CBSThisMorning: THIS MORNING:
üîú@PaulaReidCBS  with what you need to know on Manafort trial
üîú@cbsmireya  has the latest on the Californi‚Ä¶",0.0,0.0,1.0,0.0
@CBSNews,Tue Jul 31 10:19:55 +0000 2018,22,"Publix says dogs aren't allowed in store shopping carts, including service animals https://t.co/xjaQ9iH6yZ https://t.co/rtnnytfBXk",0.0,0.0,1.0,0.0
@CBSNews,Tue Jul 31 10:10:20 +0000 2018,23,Which tech companies have the most workers who feel overpaid? https://t.co/zz7STCd0aT https://t.co/f1sIVBig0l,0.0,0.0,1.0,0.0
@CBSNews,Tue Jul 31 10:03:05 +0000 2018,24,"""Sinking coffins"": Lawsuit seeks $100 million for duck boat victims https://t.co/USYoij0Wy0 https://t.co/q7NBREGZBY",0.0,0.296,0.704,-0.4939
@CBSNews,Tue Jul 31 10:02:53 +0000 2018,25,"More Americans are forced to ""reside"" in their vehicles https://t.co/o36frw9xLs https://t.co/draz1dOUAm",0.0,0.246,0.754,-0.5046
@CBSNews,Tue Jul 31 09:53:31 +0000 2018,26,What you need to know about the Paul Manafort trial https://t.co/ZWKHr9Xx7k https://t.co/pXtTRu5dS5,0.0,0.0,1.0,0.0
@CBSNews,Tue Jul 31 09:48:03 +0000 2018,27,"""Guardians of the Galaxy"" cast writes letter in support of ousted director James Gunn https://t.co/3ULrDx6jUK https://t.co/jJ5TvjMrxJ",0.153,0.0,0.847,0.4019
@CBSNews,Tue Jul 31 09:45:28 +0000 2018,28,"What the SEC‚Äôs ""best interest"" rule for advisers won't do for investors https://t.co/NYQNRH8HKr https://t.co/CGXoYzsYNQ",0.375,0.0,0.625,0.802
@CBSNews,Tue Jul 31 09:38:05 +0000 2018,29,Man caught on video setting fire at NYC gas station https://t.co/mYbPoCHMln https://t.co/NueMJ3Tdtj,0.0,0.179,0.821,-0.34
@CBSNews,Tue Jul 31 09:32:05 +0000 2018,30,"Gun battle, hostages reportedly held after blast in Afghan city https://t.co/YsMgKr9yFy https://t.co/tGCmqUCxBl",0.0,0.333,0.667,-0.6124
@CBSNews,Tue Jul 31 09:18:04 +0000 2018,31,"Jeff Sessions announces creation of ""religious liberty task force"" https://t.co/WBuihimhn8 https://t.co/gjjyvxPcQr",0.379,0.0,0.621,0.6705
@CBSNews,Tue Jul 31 09:03:04 +0000 2018,32,Self-driving passenger vans hit the road in Texas city https://t.co/In3nTGE0H5 https://t.co/vMoU4e4NY1,0.0,0.0,1.0,0.0
@CBSNews,Tue Jul 31 08:54:07 +0000 2018,33,"""Bigfoot erotica"" becoming issue in pivotal congressional race https://t.co/h6h4nE9oaL https://t.co/fzEyD3297P",0.0,0.0,1.0,0.0
@CBSNews,Tue Jul 31 08:48:03 +0000 2018,34,"Advances in IVF testing spurring debate over ""mosaic"" embryos https://t.co/BdMSaU5Eg7 https://t.co/xTpSFs4Lzj",0.0,0.0,1.0,0.0
@CBSNews,Tue Jul 31 08:33:03 +0000 2018,35,"Bridesmaid begs JetBlue for refund after bride asks her ""to relinquish"" her role via email https://t.co/a7DPnSEKeb https://t.co/ViKhAy0vz9",0.0,0.0,1.0,0.0
@CBSNews,Tue Jul 31 08:18:03 +0000 2018,36,Canada Dry sued over lack of ginger in ginger ale https://t.co/f6bxiPX0Qy https://t.co/wecaxybmUj,0.0,0.173,0.827,-0.3182
@CBSNews,Tue Jul 31 08:03:05 +0000 2018,37,"Brian Christopher Lawler, former WWE star, dead at 46 https://t.co/trC4JuVb9F https://t.co/TCOl8YrYKs",0.0,0.301,0.699,-0.6486
@CBSNews,Tue Jul 31 07:48:04 +0000 2018,38,Fawn gives cop a kiss after California wildfire rescue https://t.co/xW6KWfx3fi https://t.co/SFJIJFx3f8,0.433,0.0,0.567,0.7269
@CBSNews,Tue Jul 31 07:33:03 +0000 2018,39,Family of man fatally shot while fleeing Chicago police files lawsuit https://t.co/Of46dZ6jT5 https://t.co/O7ln8keL9X,0.0,0.357,0.643,-0.7269
@CBSNews,Tue Jul 31 07:18:04 +0000 2018,40,"Barack Obama, Joe Biden spotted together at Washington, D.C., bakery https://t.co/nZHj94JBIS https://t.co/Uq06n4A1vJ",0.0,0.0,1.0,0.0
@CBSNews,Tue Jul 31 07:03:03 +0000 2018,41,Family believes missing Iowa woman returned home before her disappearance https://t.co/KMrhTQ5YoX https://t.co/1wgHoC6LeW,0.0,0.167,0.833,-0.296
@CBSNews,Tue Jul 31 06:48:03 +0000 2018,42,13 killed as van carrying wedding party in Vietnam slams into truck https://t.co/xkT27tnPto https://t.co/pGknjoB26h,0.141,0.234,0.625,-0.4215
@CBSNews,Tue Jul 31 06:33:03 +0000 2018,43,"Facebook, Twitter, Netflix stock down as tech woes ding markets https://t.co/NUg3ke1htV https://t.co/LtqgCsmrN5",0.0,0.209,0.791,-0.4404
@CBSNews,Tue Jul 31 06:18:04 +0000 2018,44,Thousands ordered to evacuate as 2 California wildfires rage miles apart https://t.co/YyadTg0tcU https://t.co/lKlj7XUL5R,0.0,0.247,0.753,-0.5574
@CBSNews,Tue Jul 31 06:03:04 +0000 2018,45,Dad who works three jobs surprises daughter with dream dress for 8th grade dance https://t.co/58vbYOQUUO https://t.co/u0vvsqyJ5o,0.218,0.0,0.782,0.4404
@CBSNews,Tue Jul 31 05:48:03 +0000 2018,46,"Bridesmaid begs JetBlue for refund after bride asks her ""to relinquish"" her role via email https://t.co/8lGa6g1YhO https://t.co/miLGgVhkNW",0.0,0.0,1.0,0.0
@CBSNews,Tue Jul 31 05:33:03 +0000 2018,47,Superintendent accused of defecating on school track resigns https://t.co/20rG9z7WKD https://t.co/NcKbCFEhT9,0.0,0.36,0.64,-0.5423
@CBSNews,Tue Jul 31 05:18:04 +0000 2018,48,"Animal lovers decry ""pet leasing"" contracts https://t.co/zwxRi2O2xP https://t.co/Pa6QFV5Ll5",0.327,0.0,0.673,0.5267
@CBSNews,Tue Jul 31 05:10:06 +0000 2018,49,"Publix says dogs aren't allowed in store shopping carts, including service animals https://t.co/EtkiS01zhI https://t.co/KwdDlaDDWz",0.0,0.0,1.0,0.0
@CBSNews,Tue Jul 31 05:03:03 +0000 2018,50,Renting versus buying: Advantages of buying at a six-year low https://t.co/UhyQCZU4vN https://t.co/WYUveOs7VA,0.184,0.154,0.662,0.1027
@CBSNews,Tue Jul 31 04:48:04 +0000 2018,51,"Roy Moore takes ""pedophile detection"" test on ""Who is America?"" https://t.co/wE5Ew3fIAO https://t.co/Mk0Av4C33N",0.0,0.0,1.0,0.0
@CBSNews,Tue Jul 31 04:33:03 +0000 2018,52,Prosecutor: No charges for Minneapolis officers in black man's fatal shooting https://t.co/m5MG9PRoZa https://t.co/oKvi4ZVfMk,0.0,0.438,0.562,-0.7783
@CBSNews,Tue Jul 31 04:18:04 +0000 2018,53,"Man who lost wife, great-grandchildren in Carr Fire recalls their heartbreaking final words https://t.co/yQkwJpFb0Q https://t.co/jLt3iWeIId",0.0,0.391,0.609,-0.7717
@CBSNews,Tue Jul 31 04:03:04 +0000 2018,54,Young horn shark stolen from aquarium in Texas safely returned after man allegedly tried to sell the creature on Fa‚Ä¶ https://t.co/vimjwo4xoI,0.126,0.126,0.748,0.0
@CBSNews,Tue Jul 31 03:54:05 +0000 2018,55,Young horn shark stolen from aquarium in Texas safely returned after man allegedly tried to sell the creature on Fa‚Ä¶ https://t.co/FFL2jDKIRj,0.126,0.126,0.748,0.0
@CBSNews,Tue Jul 31 03:48:04 +0000 2018,56,New details emerge in case of missing University of Iowa student https://t.co/8yBOCZ8Avf https://t.co/tyNK0u9WqG,0.0,0.155,0.845,-0.296
@CBSNews,Tue Jul 31 03:33:03 +0000 2018,57,How do you get hookworms? Teen's infection raises questions https://t.co/cdXUpdIjyd https://t.co/dadE368uLS,0.0,0.0,1.0,0.0
@CBSNews,Tue Jul 31 03:18:05 +0000 2018,58,Cruise ship guards' killing of polar bear sparks international outrage https://t.co/q3mzshFf6l https://t.co/Yb5mABXOVn,0.0,0.435,0.565,-0.8271
@CBSNews,Tue Jul 31 03:03:04 +0000 2018,59,Commentary: Could Democrat James Carville save the GOP? https://t.co/hgkb9dn21d https://t.co/BPghMQYW6p,0.262,0.0,0.738,0.4939
@CBSNews,Tue Jul 31 02:39:58 +0000 2018,60,WATCH: Adorable 2-year-old girl is trying to help firefighters keep their energy up as they battle California blaze‚Ä¶ https://t.co/NZiIsZvYWY,0.312,0.102,0.586,0.6597
@CBSNews,Tue Jul 31 02:27:57 +0000 2018,61,"4 people, including child, fatally shot in Queens, New York City https://t.co/mbakNx1Jsr https://t.co/VBjzBIUM4m",0.0,0.276,0.724,-0.6369
@CBSNews,Tue Jul 31 02:19:44 +0000 2018,62,Celebrity chef Guy Fieri served barbecue to hundreds of California wildfire evacuees and it's not the first time he‚Ä¶ https://t.co/O7TVyE7a1y,0.0,0.0,1.0,0.0
@CBSNews,Tue Jul 31 01:59:37 +0000 2018,63,"Homeless man seen in viral video getting a shave officially hired by McDonald's, starts Tuesday‚Ä¶ https://t.co/Y3PBYwLDcy",0.0,0.0,1.0,0.0
@CBSNews,Tue Jul 31 01:39:34 +0000 2018,64,Bernie Sanders' former campaign manager urges Democrats to embrace a progressive candidate in 2020‚Ä¶ https://t.co/Cop6gWinkK,0.15,0.0,0.85,0.3182
@CBSNews,Tue Jul 31 01:19:32 +0000 2018,65,Home-alarm ripoffs and solar energy installation scams target more consumers https://t.co/Cg4S5Hp4An https://t.co/biJePaXDgZ,0.132,0.239,0.629,-0.4019
@CBSNews,Tue Jul 31 00:59:55 +0000 2018,66,"Acts of kindness emerge amid deadly California wildfires, as firefighters work 24 hour shifts to try to contain mul‚Ä¶ https://t.co/zQ5VjEpcxX",0.136,0.0,0.864,0.4588
@CBSNews,Tue Jul 31 00:39:54 +0000 2018,67,Alaska Airlines is under fire after a passenger's post on social media states that a gay couple was separated on a‚Ä¶ https://t.co/hS8o4bMF2B,0.0,0.112,0.888,-0.34
@CBSNews,Tue Jul 31 00:19:37 +0000 2018,68,Is it safe for breastfeeding moms to drink alcohol? A new study suggests it might be smart to limit the happy hour‚Ä¶ https://t.co/DSPrb51wcN,0.329,0.0,0.671,0.8519
@CBSNews,Tue Jul 31 00:00:01 +0000 2018,69,"Lawmakers want answers about controversial TSA program ""Quiet Skies"" that tracked airline passengers, including man‚Ä¶ https://t.co/P16kKKElF4",0.076,0.105,0.819,-0.128
@CBSNews,Mon Jul 30 23:39:31 +0000 2018,70,Claims in NFL concussion settlement hit $500 million in less than 2 years https://t.co/AH9sVuVV1M https://t.co/9jug8aQ6Gi,0.0,0.0,1.0,0.0
@CBSNews,Mon Jul 30 23:19:38 +0000 2018,71,"The Red Cross offers Amazon gift cards to those who donate blood in the next 30 days, after the nonprofit announced‚Ä¶ https://t.co/NxdFsoTJuT",0.187,0.0,0.813,0.5574
@CBSNews,Mon Jul 30 22:59:40 +0000 2018,72,Some states are¬†rushing to sue the federal¬†government over its decision to¬†allow a Texas company to publish¬†bluepri‚Ä¶ https://t.co/9VHojiEztb,0.091,0.0,0.909,0.2263
@CBSNews,Mon Jul 30 22:55:58 +0000 2018,73,"FEMA personnel chief Corey Coleman is accused of widespread sexual harassment at the agency.

@jeffpeguescbs has th‚Ä¶ https://t.co/MYby5N0HME",0.0,0.263,0.737,-0.6908
@CBSNews,Mon Jul 30 22:50:55 +0000 2018,74,"RT @CBSEveningNews: CBS board of directors announced plans to investigate CBS CEO Les Moonves.

Moonves remains in place pending investigat‚Ä¶",0.0,0.0,1.0,0.0
@CBSNews,Mon Jul 30 22:50:40 +0000 2018,75,"More than 1,300 firefighters rotate on 24-hour shifts to battle the California fires, but they often have to fight‚Ä¶ https://t.co/mJ9Tq2VpiQ",0.0,0.087,0.913,-0.2023
@CBSNews,Mon Jul 30 22:43:48 +0000 2018,76,"‚ÄúGrandpa, please,¬†you got to come and get us.¬†The fire is at the back door‚Äù: Man recounts the tragic loss of his wi‚Ä¶ https://t.co/V42UsT5bE1",0.074,0.248,0.677,-0.6597
@CBSNews,Mon Jul 30 22:39:47 +0000 2018,77,"@jeffglor is on the scene in Redding, California, the location of the Carr Fire, one of 17 blazes in the state, tha‚Ä¶ https://t.co/YpHOoUqIQv",0.0,0.098,0.902,-0.34
@CBSNews,Mon Jul 30 22:29:34 +0000 2018,78,"FEMA official being investigated for sexual misconduct, after allegedly hiring women, and transferring some into de‚Ä¶ https://t.co/omLQkueRg7",0.0,0.0,1.0,0.0
@CBSNews,Mon Jul 30 22:14:49 +0000 2018,79,"School district to get rid of snow days, have students work from home instead https://t.co/wDaaC9To1v https://t.co/ctQnyyojCV",0.0,0.0,1.0,0.0
@CBSNews,Mon Jul 30 22:14:21 +0000 2018,80,"@Elaine_Quijano: What did Rudy Giuliani tell you about a potential Trump-Mueller interview?

@MajorCBS: That it‚Äôs s‚Ä¶ https://t.co/RhT4LFPQht",0.0,0.0,1.0,0.0
@CBSNews,Mon Jul 30 22:00:33 +0000 2018,81,"America's favorite bromance continues: Barack Obama and Joe Biden spotted together at Washington, D.C. bakery that‚Ä¶ https://t.co/bcdzBZfUV3",0.158,0.0,0.842,0.4588
@CBSNews,Mon Jul 30 21:44:31 +0000 2018,82,"Attorney General Jeff Sessions announces the creation of a ""religious liberty task force"" https://t.co/zGaIt5OpsP https://t.co/kvgrcd5u3x",0.314,0.0,0.686,0.6705
@CBSNews,Mon Jul 30 21:30:00 +0000 2018,83,A girls video game camp in the Playstation headquarters aims to inspire the next generation of designers‚Ä¶ https://t.co/hfAWqMlRd8,0.188,0.0,0.812,0.5719
@CBSNews,Mon Jul 30 21:09:55 +0000 2018,84,"Canada Dry is being sued over the lack of ginger in their ginger ale, after a woman alleges she drank the beverage‚Ä¶ https://t.co/l5wiGF4A3l",0.0,0.099,0.901,-0.3182
@CBSNews,Mon Jul 30 20:49:54 +0000 2018,85,"Bridesmaid begs JetBlue for refund of cross-country flight after bride asks her ""to relinquish"" her role in the wed‚Ä¶ https://t.co/oSudVe1SA6",0.0,0.0,1.0,0.0
@CBSNews,Mon Jul 30 20:34:43 +0000 2018,86,"""This is a huge moment, not only in my life, my family's life, and my foundation, but for these kids and the whole‚Ä¶ https://t.co/CbanGUvnCE",0.07,0.0,0.93,0.1655
@CBSNews,Mon Jul 30 20:28:57 +0000 2018,87,"""Homeless, hungry 4 success"": Man holds unusual sign and hands out resumes by the side of the road. A passerby's so‚Ä¶ https://t.co/OiBuzM3Ftz",0.0,0.0,1.0,0.0
@CBSNews,Mon Jul 30 20:05:13 +0000 2018,88,"WATCH: Desperate man goes from ""Homeless, hungry 4 success"" to receiving hundreds of job offers after a photo of hi‚Ä¶ https://t.co/4Y1fwamxdv",0.161,0.1,0.739,0.34
@CBSNews,Mon Jul 30 19:51:01 +0000 2018,89,Sustainable Development Goals set in 2015 aim to raise millions out of poverty and help put the world on a path to‚Ä¶ https://t.co/xn3xDvfpXt,0.104,0.127,0.769,-0.1531
@CBSNews,Mon Jul 30 19:35:51 +0000 2018,90,Sen. Rand Paul says he will endorse Supreme Court nominee Brett Kavanaugh despite misgivings about the judge's view‚Ä¶ https://t.co/rKNdYmHdrO,0.258,0.0,0.742,0.7096
@CBSNews,Mon Jul 30 19:20:34 +0000 2018,91,"""Each of us looks forward to working with our friend James again in the future."" Chris Pratt and his fellow ""Guardi‚Ä¶ https://t.co/JDG8CAXlev",0.132,0.0,0.868,0.4939
@CBSNews,Mon Jul 30 19:06:44 +0000 2018,92,Sick of the law enforcement lip synch challenge videos sweeping the nation? Welcome's to the Norfolk Sheriff's hous‚Ä¶ https://t.co/4Oe4l5ELu4,0.06,0.153,0.787,-0.4588
@CBSNews,Mon Jul 30 18:54:56 +0000 2018,93,"""Certainly everything is open to negotiation for any president dealing with Congress, @MajorCBS says of President T‚Ä¶ https://t.co/au6clPPCOt",0.124,0.0,0.876,0.34
@CBSNews,Mon Jul 30 18:51:51 +0000 2018,94,"""The president said he is open to talks with Iran at the highest levels with no preconditions. I don't think and no‚Ä¶ https://t.co/yEQcSbrMlx",0.0,0.095,0.905,-0.296
@CBSNews,Mon Jul 30 18:50:05 +0000 2018,95,"""As defined from a populous perspective or a nationalist perspective, they are in certain ways aligned ideologicall‚Ä¶ https://t.co/4NhKBlKmxe",0.123,0.0,0.877,0.2732
@CBSNews,Mon Jul 30 18:43:34 +0000 2018,96,"""I would certainly meet with Iran if they want to meet. I do not know if they are ready,"" Pres. Trump said, adding‚Ä¶ https://t.co/Sr3zKt17oR",0.15,0.0,0.85,0.4019
@CBSNews,Mon Jul 30 18:38:58 +0000 2018,97,"Julie Chen adamantly defends husband, CBS CEO Les Moonves, on ""The Talk"": ""I will stand by this statement today, to‚Ä¶ https://t.co/5rlVxluOD7",0.0,0.0,1.0,0.0
@CBSNews,Mon Jul 30 18:35:28 +0000 2018,98,"Trump on NATO meeting: ""I went to NATO, NATO was essentially going out of business because people were not paying a‚Ä¶ https://t.co/gh9ZhmDqVE",0.0,0.0,1.0,0.0
@CBSNews,Mon Jul 30 18:27:28 +0000 2018,99,Despite President Trump repeating threat to shutdown government if $25B isn't approved for border wall and Congress‚Ä¶ https://t.co/usHH0N9FRv,0.0,0.264,0.736,-0.6939
@CBSNews,Mon Jul 30 18:17:52 +0000 2018,100,"President Trump on government shutdown: ""As far as the border is concerned and personally, if we do not get border‚Ä¶ https://t.co/jQjgebSHCU",0.0,0.0,1.0,0.0
@CNN,Tue Jul 31 10:31:42 +0000 2018,1,"The deadly Carr fire raging in Northern California has claimed six lives and destroyed almost 1,000 structures. Her‚Ä¶ https://t.co/mrFf94HChm",0.0,0.36,0.64,-0.8402
@CNN,Tue Jul 31 10:24:26 +0000 2018,2,"A Florida woman says ambulance workers wouldn't take her daughter to the hospital, assuming the family couldn't aff‚Ä¶ https://t.co/N0h9nSE5DB",0.0,0.0,1.0,0.0
@CNN,Tue Jul 31 10:16:57 +0000 2018,3,Disneyland was a bit different in 1969 https://t.co/SaixdInejZ https://t.co/3GrfPJqtGH,0.0,0.0,1.0,0.0
@CNN,Tue Jul 31 10:09:47 +0000 2018,4,A 7-year-old girl got New Zealand to change a sexist road sign https://t.co/aDGrZvzFJ0 https://t.co/YpoltiahRb,0.0,0.0,1.0,0.0
@CNN,Tue Jul 31 10:02:34 +0000 2018,5,"The number of homicides in Mexico last year was higher than previously reported, according to new data https://t.co/F5kPwTIy7e",0.071,0.0,0.929,0.0772
@CNN,Tue Jul 31 09:55:19 +0000 2018,6,The world's largest colony of king penguins has shrunk by almost 90% in the last three decades‚Ä¶ https://t.co/6I7yafKAWu,0.0,0.0,1.0,0.0
@CNN,Tue Jul 31 09:48:14 +0000 2018,7,This is a dolphin-whale hybrid. It's real. And the first one ever found has been discovered near Hawaii‚Ä¶ https://t.co/l9awKHsgUc,0.0,0.0,1.0,0.0
@CNN,Tue Jul 31 09:36:43 +0000 2018,8,How Mormon pop stars are using their music to support LGBT issues https://t.co/lP6gt8iCKb https://t.co/we8oYqIlOp,0.172,0.0,0.828,0.4019
@CNN,Tue Jul 31 09:34:13 +0000 2018,9,RT @cnni: The Manchester suicide bomber who killed 22 people at a pop concert in 2017 had been rescued from the civil war in Libya by Brita‚Ä¶,0.074,0.342,0.584,-0.9022
@CNN,Tue Jul 31 09:32:00 +0000 2018,10,Lending a helping hand: 2-year-old Gracie gives out burritos to firefighters working on the Carr Fire in California‚Ä¶ https://t.co/nVKBdHQqhj,0.237,0.105,0.658,0.4588
@CNN,Tue Jul 31 09:24:56 +0000 2018,11,"More than 1,000 people have already downloaded plans to 3-D print an AR-15-style semiautomatic assault rifle‚Ä¶ https://t.co/APPpnXB72B",0.0,0.192,0.808,-0.5859
@CNN,Tue Jul 31 09:13:32 +0000 2018,12,The head of Malaysia's civil aviation authority has resigned over MH370 failures https://t.co/xojFPqHmht https://t.co/pVUcHfOIUj,0.075,0.289,0.636,-0.5719
@CNN,Tue Jul 31 09:09:00 +0000 2018,13,A shark was kidnapped from her tank at the San Antonio Aquarium on Saturday -- setting off a desperate hunt to get‚Ä¶ https://t.co/22fWkWhn0m,0.0,0.103,0.897,-0.3182
@CNN,Tue Jul 31 08:52:18 +0000 2018,14,From free uniforms and transportation to college tuition guaranteed for all graduates. LeBron James takes CNN's Don‚Ä¶ https://t.co/JyzAtQQ6az,0.163,0.0,0.837,0.5106
@CNN,Tue Jul 31 07:41:45 +0000 2018,15,"10 people have been killed and more than 100,000 have been forced to flee their homes after days of heavy monsoon r‚Ä¶ https://t.co/dp0EtG3DnL",0.0,0.263,0.737,-0.8176
@CNN,Tue Jul 31 06:54:02 +0000 2018,16,At least 10 people were killed when militants linked to the Abu Sayyaf terror group struck a military checkpoint wi‚Ä¶ https://t.co/uT3le4sOSE,0.0,0.368,0.632,-0.872
@CNN,Tue Jul 31 06:36:05 +0000 2018,17,"Apple's next big iPhone launch is likely still nearly two months away, but investors will be looking for early sign‚Ä¶ https://t.co/HTqR1X7QjS",0.0,0.0,1.0,0.0
@CNN,Tue Jul 31 06:28:01 +0000 2018,18,"Scientists have discovered a rare dolphin-whale hybrid off the coast of Kauai, Hawaii https://t.co/h2RyuoZHsp https://t.co/FO5YrQKKOn",0.0,0.0,1.0,0.0
@CNN,Tue Jul 31 06:22:07 +0000 2018,19,Hillary Clinton steps up her involvement in the 2018 midterms https://t.co/QZlP1T53Mn https://t.co/WeZkQrrkRp,0.0,0.0,1.0,0.0
@CNN,Tue Jul 31 06:17:01 +0000 2018,20,A California federal court judge has ordered the US government to make immediate changes to how it treats undocumen‚Ä¶ https://t.co/aycBr6wFXc,0.0,0.0,1.0,0.0
@CNN,Tue Jul 31 10:31:42 +0000 2018,21,"The deadly Carr fire raging in Northern California has claimed six lives and destroyed almost 1,000 structures. Her‚Ä¶ https://t.co/mrFf94HChm",0.0,0.36,0.64,-0.8402
@CNN,Tue Jul 31 10:24:26 +0000 2018,22,"A Florida woman says ambulance workers wouldn't take her daughter to the hospital, assuming the family couldn't aff‚Ä¶ https://t.co/N0h9nSE5DB",0.0,0.0,1.0,0.0
@CNN,Tue Jul 31 10:16:57 +0000 2018,23,Disneyland was a bit different in 1969 https://t.co/SaixdInejZ https://t.co/3GrfPJqtGH,0.0,0.0,1.0,0.0
@CNN,Tue Jul 31 10:09:47 +0000 2018,24,A 7-year-old girl got New Zealand to change a sexist road sign https://t.co/aDGrZvzFJ0 https://t.co/YpoltiahRb,0.0,0.0,1.0,0.0
@CNN,Tue Jul 31 10:02:34 +0000 2018,25,"The number of homicides in Mexico last year was higher than previously reported, according to new data https://t.co/F5kPwTIy7e",0.071,0.0,0.929,0.0772
@CNN,Tue Jul 31 09:55:19 +0000 2018,26,The world's largest colony of king penguins has shrunk by almost 90% in the last three decades‚Ä¶ https://t.co/6I7yafKAWu,0.0,0.0,1.0,0.0
@CNN,Tue Jul 31 09:48:14 +0000 2018,27,This is a dolphin-whale hybrid. It's real. And the first one ever found has been discovered near Hawaii‚Ä¶ https://t.co/l9awKHsgUc,0.0,0.0,1.0,0.0
@CNN,Tue Jul 31 09:36:43 +0000 2018,28,How Mormon pop stars are using their music to support LGBT issues https://t.co/lP6gt8iCKb https://t.co/we8oYqIlOp,0.172,0.0,0.828,0.4019
@CNN,Tue Jul 31 09:34:13 +0000 2018,29,RT @cnni: The Manchester suicide bomber who killed 22 people at a pop concert in 2017 had been rescued from the civil war in Libya by Brita‚Ä¶,0.074,0.342,0.584,-0.9022
@CNN,Tue Jul 31 09:32:00 +0000 2018,30,Lending a helping hand: 2-year-old Gracie gives out burritos to firefighters working on the Carr Fire in California‚Ä¶ https://t.co/nVKBdHQqhj,0.237,0.105,0.658,0.4588
@CNN,Tue Jul 31 09:24:56 +0000 2018,31,"More than 1,000 people have already downloaded plans to 3-D print an AR-15-style semiautomatic assault rifle‚Ä¶ https://t.co/APPpnXB72B",0.0,0.192,0.808,-0.5859
@CNN,Tue Jul 31 09:13:32 +0000 2018,32,The head of Malaysia's civil aviation authority has resigned over MH370 failures https://t.co/xojFPqHmht https://t.co/pVUcHfOIUj,0.075,0.289,0.636,-0.5719
@CNN,Tue Jul 31 09:09:00 +0000 2018,33,A shark was kidnapped from her tank at the San Antonio Aquarium on Saturday -- setting off a desperate hunt to get‚Ä¶ https://t.co/22fWkWhn0m,0.0,0.103,0.897,-0.3182
@CNN,Tue Jul 31 08:52:18 +0000 2018,34,From free uniforms and transportation to college tuition guaranteed for all graduates. LeBron James takes CNN's Don‚Ä¶ https://t.co/JyzAtQQ6az,0.163,0.0,0.837,0.5106
@CNN,Tue Jul 31 07:41:45 +0000 2018,35,"10 people have been killed and more than 100,000 have been forced to flee their homes after days of heavy monsoon r‚Ä¶ https://t.co/dp0EtG3DnL",0.0,0.263,0.737,-0.8176
@CNN,Tue Jul 31 06:54:02 +0000 2018,36,At least 10 people were killed when militants linked to the Abu Sayyaf terror group struck a military checkpoint wi‚Ä¶ https://t.co/uT3le4sOSE,0.0,0.368,0.632,-0.872
@CNN,Tue Jul 31 06:36:05 +0000 2018,37,"Apple's next big iPhone launch is likely still nearly two months away, but investors will be looking for early sign‚Ä¶ https://t.co/HTqR1X7QjS",0.0,0.0,1.0,0.0
@CNN,Tue Jul 31 06:28:01 +0000 2018,38,"Scientists have discovered a rare dolphin-whale hybrid off the coast of Kauai, Hawaii https://t.co/h2RyuoZHsp https://t.co/FO5YrQKKOn",0.0,0.0,1.0,0.0
@CNN,Tue Jul 31 06:22:07 +0000 2018,39,Hillary Clinton steps up her involvement in the 2018 midterms https://t.co/QZlP1T53Mn https://t.co/WeZkQrrkRp,0.0,0.0,1.0,0.0
@CNN,Tue Jul 31 06:17:01 +0000 2018,40,A California federal court judge has ordered the US government to make immediate changes to how it treats undocumen‚Ä¶ https://t.co/aycBr6wFXc,0.0,0.0,1.0,0.0
@CNN,Tue Jul 31 06:16:09 +0000 2018,41,"LeBron James says he thinks the President is using athletics, and athletes, to divide the country -- and that's som‚Ä¶ https://t.co/VI5JIZDKwT",0.0,0.0,1.0,0.0
@CNN,Tue Jul 31 06:16:00 +0000 2018,42,"Former President Barack Obama and former Vice President Joe Biden surprised a Washington, DC, bakery when they stop‚Ä¶ https://t.co/UTb71MGfpl",0.101,0.0,0.899,0.2263
@CNN,Tue Jul 31 06:09:06 +0000 2018,43,"New indicators, including satellite images, show that North Korea could be in the midst of building new missiles, t‚Ä¶ https://t.co/M4tvuOId9M",0.0,0.0,1.0,0.0
@CNN,Tue Jul 31 06:07:35 +0000 2018,44,A shark was kidnapped from her tank at the San Antonio Aquarium on Saturday -- setting off a desperate hunt to get‚Ä¶ https://t.co/f8K0HnrEMS,0.0,0.103,0.897,-0.3182
@CNN,Tue Jul 31 06:01:04 +0000 2018,45,"This $8.2 million mansion and its four acres of land could be yours for just $17. Of course, there's a catch: You'l‚Ä¶ https://t.co/7BUEjmQ7JU",0.0,0.0,1.0,0.0
@CNN,Tue Jul 31 05:55:08 +0000 2018,46,"President Trump may be looking for a fight over the border wall ahead of the midterm election, but Senate Republica‚Ä¶ https://t.co/Y1H9VMN96c",0.0,0.087,0.913,-0.2023
@CNN,Tue Jul 31 05:49:05 +0000 2018,47,"""No! No eat!"" screams your 2-year-old.

Relax. Don't pressure your picky eater -- it doesn't work, and your toddler‚Ä¶ https://t.co/lzluV2kuTt",0.208,0.171,0.621,0.2434
@CNN,Tue Jul 31 05:46:00 +0000 2018,48,"You can live like a king aboard the Maharaja's Express, a hotel-on-wheels that is one of the most luxurious trains‚Ä¶ https://t.co/ipnFAC1OsX",0.175,0.0,0.825,0.3818
@CNN,Tue Jul 31 05:41:02 +0000 2018,49,"""People will be able to make anything from novelty guns to AR-15s"" with 3D printers as of August 1, Alyssa Milano w‚Ä¶ https://t.co/esEF4kww4K",0.0,0.0,1.0,0.0
@CNN,Tue Jul 31 05:35:03 +0000 2018,50,"President Trump's willingness to meet with Iran is diplomatic over-confidence, a Democratic lawmaker says‚Ä¶ https://t.co/pR3gobe4Ln",0.139,0.0,0.861,0.2732
@CNN,Tue Jul 31 05:28:03 +0000 2018,51,"A homeless man has been overwhelmed by more than 200 job offers after standing on a street corner in Mountain View,‚Ä¶ https://t.co/aSRZZ9Sp3D",0.059,0.0,0.941,0.0516
@CNN,Tue Jul 31 05:22:04 +0000 2018,52,Bob Woodward will release a book about the Trump administration ‚Äî called ‚ÄúFear‚Äù ‚Äî just weeks before the midterms‚Ä¶ https://t.co/O5CFUvxWdS,0.0,0.0,1.0,0.0
@CNN,Tue Jul 31 05:16:00 +0000 2018,53,"""Can you imagine a life without ""Jeopardy!""?
""Sure.""

Iconic game-show host Alex Trebek told TMZ he is considering‚Ä¶ https://t.co/krC5ty94Zz",0.0,0.0,1.0,0.0
@CNN,Tue Jul 31 05:13:04 +0000 2018,54,Two Minneapolis police officers who fatally shot an armed suspect after a foot chase last month will not face crimi‚Ä¶ https://t.co/NkfUmuH23L,0.0,0.262,0.738,-0.7506
@CNN,Tue Jul 31 05:04:05 +0000 2018,55,Passengers might be allowed to keep liquids and laptops in their carry-on bags at airport security checkpoints in t‚Ä¶ https://t.co/HHH9N9Av5Z,0.112,0.0,0.888,0.34
@CNN,Tue Jul 31 05:01:56 +0000 2018,56,Authorities in the northeast border state of Assam have left the names of almost 4 million people off the controver‚Ä¶ https://t.co/RvFrs6IAcd,0.0,0.0,1.0,0.0
@CNN,Tue Jul 31 04:56:06 +0000 2018,57,"In one of the more bizarre episodes of the midterm elections this year, the race for Virginia's 5th Congressional D‚Ä¶ https://t.co/HVxte8qsMf",0.0,0.115,0.885,-0.3804
@CNN,Tue Jul 31 04:54:04 +0000 2018,58,"The ""Guardians of the Galaxy"" cast has issued an open letter in support of ousted director James Gunn‚Ä¶ https://t.co/8thQ0PJgkO",0.13,0.0,0.87,0.4019
@CNN,Tue Jul 31 04:48:07 +0000 2018,59,"""We are deeply concerned women are being harmed"": Devices that promise vaginal ""rejuvenation"" to women with urinary‚Ä¶ https://t.co/n7Ujgt2Ib5",0.119,0.0,0.881,0.3182
@CNN,Tue Jul 31 04:46:00 +0000 2018,60,"When brands like Dunkin' Donuts and Taco Bell want to boost publicity and sales, they sometimes debut crazy culinar‚Ä¶ https://t.co/y9FjTM5BiN",0.261,0.096,0.643,0.4767
@CNN,Tue Jul 31 04:41:07 +0000 2018,61,"President Trump says he'd meet with Iran, without preconditions, ""whenever they want"" https://t.co/WGLz7JWj2w https://t.co/qnEDvjC6b0",0.091,0.0,0.909,0.0772
@CNN,Tue Jul 31 04:35:07 +0000 2018,62,Nigeria recalls 2.4 million bottles of cough syrup containing codeine to fight abuse https://t.co/J8g8K0gB9s,0.0,0.362,0.638,-0.7783
@CNN,Tue Jul 31 04:29:06 +0000 2018,63,"Kids are spending more time staring at screens, but there's little scientific research about how it affects their h‚Ä¶ https://t.co/B1s9rLNQEf",0.0,0.0,1.0,0.0
@CNN,Tue Jul 31 04:23:06 +0000 2018,64,Dunkin' Donuts introduces its first-ever gluten-free bakery item: a fudge brownie https://t.co/tWBRjPCLG3 https://t.co/K4LsRB3ULJ,0.0,0.0,1.0,0.0
@CNN,Tue Jul 31 04:16:00 +0000 2018,65,"For the first time ever, Barbie is wearing a hijab. The new doll is modeled after Olympic fencer Ibtihaj Muhammad a‚Ä¶ https://t.co/OPlltWmOgu",0.0,0.0,1.0,0.0
@CNN,Tue Jul 31 04:15:10 +0000 2018,66,Scientists are proposing genetically engineering the white-footed mice of Martha's Vineyard and Nantucket to rid th‚Ä¶ https://t.co/Ikr66BaCHx,0.0,0.0,1.0,0.0
@CNN,Tue Jul 31 04:06:07 +0000 2018,67,Mark Hamill pays tribute to Carrie Fisher ahead of final 'Star Wars' appearance https://t.co/HIJM6JIG41 https://t.co/z3cKhfDEfE,0.0,0.205,0.795,-0.5574
@CNN,Tue Jul 31 04:01:06 +0000 2018,68,President Donald Trump's re-election campaign has denied it is using Chinese manufacturers to produce campaign flag‚Ä¶ https://t.co/CKyX56KjJY,0.0,0.153,0.847,-0.4404
@CNN,Tue Jul 31 03:57:03 +0000 2018,69,'Rest in Power: The Trayvon Martin Story' leads a wave of new documentaries about racial justice‚Ä¶ https://t.co/KwRASOWcWF,0.0,0.0,1.0,0.0
@CNN,Tue Jul 31 03:54:05 +0000 2018,70,Man spoke with his wife in the moments before she and 2 great-grandkids died in California's Carr Fire‚Ä¶ https://t.co/RefP2LtR86,0.0,0.175,0.825,-0.5574
@CNN,Tue Jul 31 03:50:08 +0000 2018,71,Australian Archbishop Philip Wilson resigns after sex abuse coverup https://t.co/OVeVWIEBiK https://t.co/lndBesgtkd,0.0,0.419,0.581,-0.7579
@CNN,Tue Jul 31 03:50:00 +0000 2018,72,"All aboard the Maharajas' Express, India's most luxurious train: https://t.co/i5K6n2lCTK (via @CNNTravel) https://t.co/U0jx7p4Sub",0.084,0.0,0.916,0.0258
@CNN,Tue Jul 31 03:46:10 +0000 2018,73,More than 4 million people have been excluded from Indian citizenship in a controversial registry‚Ä¶ https://t.co/SGluu9nh3U,0.0,0.259,0.741,-0.4939
@CNN,Tue Jul 31 03:42:04 +0000 2018,74,Scientists are proposing the radical evolutionary step of genetically engineering mice to get rid of Lyme disease‚Ä¶ https://t.co/P0Gg9Xplva,0.0,0.0,1.0,0.0
@CNN,Tue Jul 31 03:39:03 +0000 2018,75,The UK Foreign Secretary accidentally called his Chinese wife Japanese. In Beijing. https://t.co/yQWuGqNdN3 https://t.co/tBcKiXWgvg,0.0,0.156,0.844,-0.34
@CNN,Tue Jul 31 03:34:01 +0000 2018,76,"üö® RECALL ALERT: 
A Chinese company is recalling tainted heart medicine from stores worldwide after it was found to‚Ä¶ https://t.co/vaUWFvliH6",0.128,0.0,0.872,0.4466
@CNN,Tue Jul 31 03:29:36 +0000 2018,77,RT @CNNTonight: From free uniforms and transportation to college tuition guaranteed for all graduates. LeBron James takes @DonLemon on an e‚Ä¶,0.142,0.0,0.858,0.5106
@CNN,Tue Jul 31 03:29:07 +0000 2018,78,Underwear is being transformed by technology -- with high-performance briefs claiming to do everything from emittin‚Ä¶ https://t.co/WBShwO4o94,0.0,0.0,1.0,0.0
@CNN,Tue Jul 31 03:22:04 +0000 2018,79,This is Disneyland in the summer of '69 https://t.co/DbkiEZnbVs https://t.co/GE6ewa9vxk,0.0,0.0,1.0,0.0
@CNN,Tue Jul 31 03:17:04 +0000 2018,80,Russia has rapidly sold off the vast majority of its stash of American debt https://t.co/dHk5MbEtxL https://t.co/rxRoOBQN3J,0.0,0.143,0.857,-0.3612
@CNN,Tue Jul 31 03:14:46 +0000 2018,81,K-Pop star Seungri -- one-fifth of the band Big Bang -- takes on the historic summit between US President Donald Tr‚Ä¶ https://t.co/pPv3jaFha0,0.0,0.0,1.0,0.0
@CNN,Tue Jul 31 03:09:51 +0000 2018,82,"RT @CNNTonight: .@DonLemon: ""Would you ever be a politician and run for office?""

LeBron James (@KingJames): ""Let‚Äôs see first."" https://t.c‚Ä¶",0.0,0.0,1.0,0.0
@CNN,Tue Jul 31 03:09:26 +0000 2018,83,"RT @CNNTonight: ""It was the conversation that I had to have with my boys that hurt me."" - LeBron James on his home being vandalized with th‚Ä¶",0.0,0.124,0.876,-0.5267
@CNN,Tue Jul 31 03:01:03 +0000 2018,84,"Scientists have discovered a rare dolphin-whale hybrid off the coast of Kauai, Hawaii https://t.co/fPfeaf80uq https://t.co/SUftw6APNG",0.0,0.0,1.0,0.0
@CNN,Tue Jul 31 02:46:06 +0000 2018,85,"Attorney General Jeff Sessions has announced the Department of Justice's creation of a ""religious liberty task forc‚Ä¶ https://t.co/kNy6wKhlE6",0.268,0.0,0.732,0.6705
@CNN,Tue Jul 31 02:44:46 +0000 2018,86,Hillary Clinton steps up her involvement in the 2018 midterms https://t.co/kh2q0K0WoD https://t.co/4y8BWGE2lR,0.0,0.0,1.0,0.0
@CNN,Tue Jul 31 02:39:55 +0000 2018,87,"RT @CNNTonight: LeBron James (@KingJames) tells @DonLemon that he is ""excited and truly humbled and blessed"" to open his 'I Promise' elemen‚Ä¶",0.39,0.0,0.61,0.8885
@CNN,Tue Jul 31 02:36:21 +0000 2018,88,"DC's Dog Tag Bakery, which aims to help service-disabled veterans and their caretakers, had two unexpected guests:‚Ä¶ https://t.co/vpPUvUWkgO",0.137,0.0,0.863,0.4019
@CNN,Tue Jul 31 02:31:04 +0000 2018,89,Hillary Clinton steps ups her involvement in the 2018 midterms https://t.co/zdcvnxwIts https://t.co/dM5Gow3aGu,0.0,0.0,1.0,0.0
@CNN,Tue Jul 31 02:23:47 +0000 2018,90,"RT @CNNTonight: LeBron James: The fatal shooting of 17-year-old Trayvon Martin ""hit a switch for me. From that point on, I knew that my voi‚Ä¶",0.0,0.137,0.863,-0.5423
@CNN,Tue Jul 31 02:16:00 +0000 2018,91,"Former President Barack Obama and former Vice President Joe Biden surprised a Washington, DC, bakery when they stop‚Ä¶ https://t.co/c2i8MIUjSi",0.101,0.0,0.899,0.2263
@CNN,Tue Jul 31 02:13:45 +0000 2018,92,"RT @AC360: How has Rudy Giuliani evolved from his time as a young assistant U.S. attorney, to New York City mayor, to President Trump's per‚Ä¶",0.0,0.0,1.0,0.0
@CNN,Tue Jul 31 02:08:21 +0000 2018,93,"LeBron James says he thinks the President is using athletics, and athletes, to divide the country -- and that's som‚Ä¶ https://t.co/PYcRF0GfmT",0.0,0.0,1.0,0.0
@CNN,Tue Jul 31 02:06:38 +0000 2018,94,"RT @CNNTonight: LeBron James (@KingJames) says Trump is trying to use sport to divide people, but he believes it brings people together. He‚Ä¶",0.0,0.0,1.0,0.0
@CNN,Tue Jul 31 01:50:00 +0000 2018,95,"You can live like a king aboard the the Maharaja's Express, a hotel-on-wheels that is one of the most luxurious tra‚Ä¶ https://t.co/A3ymfS4A7l",0.167,0.0,0.833,0.3818
@CNN,Tue Jul 31 01:48:45 +0000 2018,96,Former President Barack Obama and former Vice President Joe Biden were reunited when they got lunch at DC's Dog Tag‚Ä¶ https://t.co/WTspmXn6Fg,0.0,0.0,1.0,0.0
@CNN,Tue Jul 31 01:40:00 +0000 2018,97,"Rudy Giuliani pulls a ""covfefe"" with a one-word tweet, and Twitter finishes it for him. CNN's Jeanne Moos fills in‚Ä¶ https://t.co/16XgMQp9NP",0.0,0.0,1.0,0.0
@CNN,Tue Jul 31 01:32:44 +0000 2018,98,"RT @AC360: ‚ÄúLet me just give you facts, because you are in hyperbole land.‚Äù Clashing with fellow panelist @CortesSteve, @Bakari_Sellers say‚Ä¶",0.0,0.0,1.0,0.0
@CNN,Tue Jul 31 01:28:13 +0000 2018,99,"All aboard the Maharajas' Express, billed as India's most luxurious train https://t.co/Uzjw2ZJGmb via @CNNTravel https://t.co/wraBhM4rE0",0.073,0.0,0.927,0.0258
@CNN,Tue Jul 31 01:15:59 +0000 2018,100,"New indicators, including satellite images, show that North Korea could be in the midst of building new missiles, t‚Ä¶ https://t.co/QfE8aslJsa",0.0,0.0,1.0,0.0
@FoxNews,Tue Jul 31 10:29:04 +0000 2018,1,Dying dad celebrates Christmas in July with family https://t.co/XfDKN6inqj,0.316,0.0,0.684,0.5719
@FoxNews,Tue Jul 31 10:28:10 +0000 2018,2,TSA calls reports it's surveilling ordinary Americans 'ridiculous' https://t.co/W0bSwy9Hea,0.0,0.0,1.0,0.0
@FoxNews,Tue Jul 31 10:25:01 +0000 2018,3,North Korea possibly constructing new intercontinental ballistic missiles: report https://t.co/IKBipPSPRU,0.0,0.0,1.0,0.0
@FoxNews,Tue Jul 31 10:19:19 +0000 2018,4,"OPINION: If ObamaCare is an economic time bomb, Medicare for All would be a nuclear explosion https://t.co/b5t0zZj0dg",0.0,0.176,0.824,-0.4939
@FoxNews,Tue Jul 31 10:10:43 +0000 2018,5,.@CarleyShimkus is live with the 'Fox News Update' on Facebook Watch: https://t.co/yq4SFGVnY5 https://t.co/aR6riUVNpC,0.0,0.0,1.0,0.0
@FoxNews,Tue Jul 31 09:58:51 +0000 2018,6,"Bernie Sanders' 'Medicare for all' bill estimated to cost $32.6T, new study says https://t.co/COty3USLTN",0.0,0.0,1.0,0.0
@FoxNews,Tue Jul 31 09:37:42 +0000 2018,7,"Air marshals have secretly monitored US passengers for years, report says https://t.co/AlodCvSSFg https://t.co/o8RIEXJ2jL",0.0,0.0,1.0,0.0
@FoxNews,Tue Jul 31 09:22:25 +0000 2018,8,"Carrie Severino: ‚ÄúHe‚Äôs just such an amazing, excellent judge https://t.co/WFsgzd5iZZ",0.484,0.0,0.516,0.8176
@FoxNews,Tue Jul 31 09:15:00 +0000 2018,9,SHOW OFF: Ritchie the ring-tailed lemur confidently flexed his muscles on Monday at the Melbourne Zoo. https://t.co/MWOl9o58ja,0.162,0.0,0.838,0.4767
@FoxNews,Tue Jul 31 09:10:50 +0000 2018,10,Guy Fieri helps feed California residents displaced by deadly wildfires https://t.co/wkjHkIjBV9,0.206,0.0,0.794,0.3818
@FoxNews,Tue Jul 31 09:08:00 +0000 2018,11,"New York brothers wake up to find intruder, beat and stab burglar to death, cops say https://t.co/wwbKOqCAz2",0.0,0.339,0.661,-0.8271
@FoxNews,Tue Jul 31 09:00:00 +0000 2018,12,".@RudyGiuliani on Mueller investigation: ""We've been driven further away from the idea of answering any questions f‚Ä¶ https://t.co/P5B0E5Ej7h",0.0,0.0,1.0,0.0
@FoxNews,Tue Jul 31 08:53:00 +0000 2018,13,Texas mall robbery suspects ID'd as Mexican nationals in US illegally https://t.co/XNkImGhmIe,0.0,0.179,0.821,-0.34
@FoxNews,Tue Jul 31 08:45:00 +0000 2018,14,".@AlanDersh: ""I would hope we could get politics out of the confirmation process."" https://t.co/3MB8Ur0ans",0.182,0.0,0.818,0.4404
@FoxNews,Tue Jul 31 08:38:00 +0000 2018,15,President @realDonaldTrump and Robert  Wilkie's wife Julia watch as @VP Mike Pence swears in Robert Wilkie as Secre‚Ä¶ https://t.co/pw7hTZsDuK,0.062,0.0,0.938,0.0516
@FoxNews,Tue Jul 31 08:15:00 +0000 2018,16,.@JesseBWatters: ‚ÄúThe wall will be built. It'll be beautiful. But it looks like it‚Äôs going to be built one step at‚Ä¶ https://t.co/8UFiBOhDUz,0.222,0.0,0.778,0.6908
@FoxNews,Tue Jul 31 08:07:00 +0000 2018,17,Senator @RandPaul released a statement Monday saying he will support Supreme Court nominee Judge Brett Kavanaugh.‚Ä¶ https://t.co/Rm8vmefxa1,0.31,0.0,0.69,0.743
@FoxNews,Tue Jul 31 08:00:00 +0000 2018,18,"Peter Morici: ""What the left is denying is that over the entire Trump presidency, growth has averaged about 40 to 4‚Ä¶ https://t.co/31zyC9DyAK",0.104,0.096,0.8,0.0516
@FoxNews,Tue Jul 31 07:53:00 +0000 2018,19,Rand Paul says he will support Supreme Court nominee Brett Kavanaugh https://t.co/icDcpgcZMb,0.387,0.0,0.613,0.743
@FoxNews,Tue Jul 31 07:45:00 +0000 2018,20,Eight-year-old boy starts lemonade stand to help local police department https://t.co/zokTBP2Idm,0.213,0.0,0.787,0.4019
@FoxNews,Tue Jul 31 10:29:04 +0000 2018,21,Dying dad celebrates Christmas in July with family https://t.co/XfDKN6inqj,0.316,0.0,0.684,0.5719
@FoxNews,Tue Jul 31 10:28:10 +0000 2018,22,TSA calls reports it's surveilling ordinary Americans 'ridiculous' https://t.co/W0bSwy9Hea,0.0,0.0,1.0,0.0
@FoxNews,Tue Jul 31 10:25:01 +0000 2018,23,North Korea possibly constructing new intercontinental ballistic missiles: report https://t.co/IKBipPSPRU,0.0,0.0,1.0,0.0
@FoxNews,Tue Jul 31 10:19:19 +0000 2018,24,"OPINION: If ObamaCare is an economic time bomb, Medicare for All would be a nuclear explosion https://t.co/b5t0zZj0dg",0.0,0.176,0.824,-0.4939
@FoxNews,Tue Jul 31 10:10:43 +0000 2018,25,.@CarleyShimkus is live with the 'Fox News Update' on Facebook Watch: https://t.co/yq4SFGVnY5 https://t.co/aR6riUVNpC,0.0,0.0,1.0,0.0
@FoxNews,Tue Jul 31 09:58:51 +0000 2018,26,"Bernie Sanders' 'Medicare for all' bill estimated to cost $32.6T, new study says https://t.co/COty3USLTN",0.0,0.0,1.0,0.0
@FoxNews,Tue Jul 31 09:37:42 +0000 2018,27,"Air marshals have secretly monitored US passengers for years, report says https://t.co/AlodCvSSFg https://t.co/o8RIEXJ2jL",0.0,0.0,1.0,0.0
@FoxNews,Tue Jul 31 09:22:25 +0000 2018,28,"Carrie Severino: ‚ÄúHe‚Äôs just such an amazing, excellent judge https://t.co/WFsgzd5iZZ",0.484,0.0,0.516,0.8176
@FoxNews,Tue Jul 31 09:15:00 +0000 2018,29,SHOW OFF: Ritchie the ring-tailed lemur confidently flexed his muscles on Monday at the Melbourne Zoo. https://t.co/MWOl9o58ja,0.162,0.0,0.838,0.4767
@FoxNews,Tue Jul 31 09:10:50 +0000 2018,30,Guy Fieri helps feed California residents displaced by deadly wildfires https://t.co/wkjHkIjBV9,0.206,0.0,0.794,0.3818
@FoxNews,Tue Jul 31 09:08:00 +0000 2018,31,"New York brothers wake up to find intruder, beat and stab burglar to death, cops say https://t.co/wwbKOqCAz2",0.0,0.339,0.661,-0.8271
@FoxNews,Tue Jul 31 09:00:00 +0000 2018,32,".@RudyGiuliani on Mueller investigation: ""We've been driven further away from the idea of answering any questions f‚Ä¶ https://t.co/P5B0E5Ej7h",0.0,0.0,1.0,0.0
@FoxNews,Tue Jul 31 08:53:00 +0000 2018,33,Texas mall robbery suspects ID'd as Mexican nationals in US illegally https://t.co/XNkImGhmIe,0.0,0.179,0.821,-0.34
@FoxNews,Tue Jul 31 08:45:00 +0000 2018,34,".@AlanDersh: ""I would hope we could get politics out of the confirmation process."" https://t.co/3MB8Ur0ans",0.182,0.0,0.818,0.4404
@FoxNews,Tue Jul 31 08:38:00 +0000 2018,35,President @realDonaldTrump and Robert  Wilkie's wife Julia watch as @VP Mike Pence swears in Robert Wilkie as Secre‚Ä¶ https://t.co/pw7hTZsDuK,0.062,0.0,0.938,0.0516
@FoxNews,Tue Jul 31 08:15:00 +0000 2018,36,.@JesseBWatters: ‚ÄúThe wall will be built. It'll be beautiful. But it looks like it‚Äôs going to be built one step at‚Ä¶ https://t.co/8UFiBOhDUz,0.222,0.0,0.778,0.6908
@FoxNews,Tue Jul 31 08:07:00 +0000 2018,37,Senator @RandPaul released a statement Monday saying he will support Supreme Court nominee Judge Brett Kavanaugh.‚Ä¶ https://t.co/Rm8vmefxa1,0.31,0.0,0.69,0.743
@FoxNews,Tue Jul 31 08:00:00 +0000 2018,38,"Peter Morici: ""What the left is denying is that over the entire Trump presidency, growth has averaged about 40 to 4‚Ä¶ https://t.co/31zyC9DyAK",0.104,0.096,0.8,0.0516
@FoxNews,Tue Jul 31 07:53:00 +0000 2018,39,Rand Paul says he will support Supreme Court nominee Brett Kavanaugh https://t.co/icDcpgcZMb,0.387,0.0,0.613,0.743
@FoxNews,Tue Jul 31 07:45:00 +0000 2018,40,Eight-year-old boy starts lemonade stand to help local police department https://t.co/zokTBP2Idm,0.213,0.0,0.787,0.4019
@FoxNews,Tue Jul 31 07:38:00 +0000 2018,41,"Bernie Sanders' 'Medicare for all' bill estimated to cost $32.6T, new study says https://t.co/COty3VamLl",0.0,0.0,1.0,0.0
@FoxNews,Tue Jul 31 07:30:00 +0000 2018,42,"Brandon Judd: ‚ÄúIf we build the walls in strategic locations, we will then be able to control where illegal immigrat‚Ä¶ https://t.co/gA6spzaytr",0.0,0.153,0.847,-0.5574
@FoxNews,Tue Jul 31 07:24:52 +0000 2018,43,JUST IN: Malaysian civil aviation chief resigns in wake of MH370 report https://t.co/HiaJRo2i17,0.0,0.161,0.839,-0.3182
@FoxNews,Tue Jul 31 07:23:00 +0000 2018,44,Jersey Shore restaurant at odds with customer after video shows worm crawling in dinner https://t.co/yfnoZr4v1j,0.0,0.0,1.0,0.0
@FoxNews,Tue Jul 31 07:15:00 +0000 2018,45,".@RepDeSantis: ""[@POTUS has] brought new people to the Republican Party."" #TheStory https://t.co/Kcdrpv0OBc",0.0,0.0,1.0,0.0
@FoxNews,Tue Jul 31 07:12:42 +0000 2018,46,North Korea possibly constructing new intercontinental ballistic missiles: report https://t.co/IKBipPSPRU,0.0,0.0,1.0,0.0
@FoxNews,Tue Jul 31 07:10:00 +0000 2018,47,"Four dead, including child, in suspected triple murder-suicide in New York City https://t.co/J7kpUkjh8P",0.0,0.36,0.64,-0.7351
@FoxNews,Tue Jul 31 07:07:00 +0000 2018,48,Firefighters with Cal Fire Mendocino Unit cover themselves from smoke and ash created by an advancing wildfire on M‚Ä¶ https://t.co/XRwS6aNYGl,0.089,0.107,0.804,-0.1027
@FoxNews,Tue Jul 31 07:00:01 +0000 2018,49,".@MZHemingway on @POTUS' shutdown threat: ""He's in a position of strength right now and immigration is an issue tha‚Ä¶ https://t.co/BpMC8bAMoS",0.136,0.144,0.72,-0.0516
@FoxNews,Tue Jul 31 06:53:00 +0000 2018,50,People gather outside the Greek Parliament in Athens in memory of victims of a deadly wildfire a week ago. https://t.co/e4bnVLLAFW,0.0,0.119,0.881,-0.3182
@FoxNews,Tue Jul 31 06:49:18 +0000 2018,51,Ohio judge orders teen who pushed over portable toilet to clean up animal waste https://t.co/WzIGXxPbyl,0.146,0.151,0.703,-0.0258
@FoxNews,Tue Jul 31 06:45:00 +0000 2018,52,".@MonicaCrowley: ‚ÄúThe reason we have Donald Trump‚Ä¶is because he went out into the heartland and he said, ‚ÄòYou know‚Ä¶ https://t.co/5DBd3Asm0o",0.0,0.0,1.0,0.0
@FoxNews,Tue Jul 31 06:38:00 +0000 2018,53,ICE agents accuse Oregon mayor of abetting 'Abolish ICE' protesters https://t.co/7AbfV06I4q,0.0,0.291,0.709,-0.4019
@FoxNews,Tue Jul 31 06:30:00 +0000 2018,54,".@kayleighmcenany: ""Democrats are quivering when they hear the word shutdown. They lost the last one, and the Ameri‚Ä¶ https://t.co/RbLj6Aj50e",0.0,0.113,0.887,-0.3182
@FoxNews,Tue Jul 31 06:23:00 +0000 2018,55,.@KingJames opens school for challenged youth in hometown https://t.co/CmcmVe9hno,0.0,0.149,0.851,-0.1027
@FoxNews,Tue Jul 31 06:15:00 +0000 2018,56,".@POTUS: ""America's booming economy, setting records in so many categories, creates enormous opportunities for inve‚Ä¶ https://t.co/tTcYnL8Njn",0.262,0.0,0.738,0.6077
@FoxNews,Tue Jul 31 06:07:00 +0000 2018,57,"During a press conference with Italian Prime Minister Giuseppe Conte, President @realDonaldTrump reiterated his wee‚Ä¶ https://t.co/NAPg3vwz20",0.0,0.0,1.0,0.0
@FoxNews,Tue Jul 31 06:00:00 +0000 2018,58,".@IngrahamAngle: ‚ÄúOne could also make the argument that selling out American workers, and offering up our industrie‚Ä¶ https://t.co/RuwoeGHhpr",0.0,0.128,0.872,-0.3612
@FoxNews,Tue Jul 31 05:53:00 +0000 2018,59,"""We feel about the way you'd expect a family to feel that has someone that we love as much as Mollie, but that's re‚Ä¶ https://t.co/WozHF9nhvl",0.102,0.0,0.898,0.3818
@FoxNews,Tue Jul 31 05:45:00 +0000 2018,60,"On Monday, former President @BarackObama and Vice President @JoeBiden grabbed lunch together at Dog Tag Bakery, a W‚Ä¶ https://t.co/mE0otjFnwX",0.0,0.0,1.0,0.0
@FoxNews,Tue Jul 31 05:41:46 +0000 2018,61,"""Someone knows something and they need to call the authorities."" 

Rob Tibbetts, father of the missing University o‚Ä¶ https://t.co/fFJwnN1p5Z",0.0,0.254,0.746,-0.7003
@FoxNews,Tue Jul 31 05:38:00 +0000 2018,62,"An air tanker passes behind a smoke plume while battling the River Fire in Lakeport, California, on Monday. A pair‚Ä¶ https://t.co/TybQr1j0kp",0.0,0.209,0.791,-0.5423
@FoxNews,Tue Jul 31 05:30:00 +0000 2018,63,".@POTUS: ""The [Italian] Prime Minister and I are united in our conviction that strong nations must have strong bord‚Ä¶ https://t.co/nj1Ekk8lnZ",0.37,0.0,0.63,0.8555
@FoxNews,Tue Jul 31 05:23:00 +0000 2018,64,Jimmy Hoffa investigation: Frank Sheeran and the blood evidence we found in the case https://t.co/k6wemTLgSm,0.0,0.0,1.0,0.0
@FoxNews,Tue Jul 31 05:15:00 +0000 2018,65,Rudy Giuliani: ‚ÄúEverything that‚Äôs been released so far shows the president to be absolutely innocent. He didn‚Äôt do‚Ä¶ https://t.co/AUY861PuhP,0.13,0.0,0.87,0.4005
@FoxNews,Tue Jul 31 05:07:00 +0000 2018,66,"A huge ""Trump 2020"" banner was unfurled at the New York @Yankees game on Sunday by fans of President‚Ä¶ https://t.co/0huvalGKGx",0.113,0.0,0.887,0.3182
@FoxNews,Tue Jul 31 05:05:20 +0000 2018,67,Mars close approach viewing from the Griffith Observatory in Los Angeles. https://t.co/gM1QDcjcrd,0.0,0.0,1.0,0.0
@FoxNews,Tue Jul 31 05:00:00 +0000 2018,68,".@newtgingrich: ‚ÄúIs it more radical to want to have a wall, or is it more radical to want to have open borders?‚Äù https://t.co/XTEtakPKwt",0.135,0.0,0.865,0.2795
@FoxNews,Tue Jul 31 04:53:00 +0000 2018,69,"Trump supporters pelted by eggs, punches can sue San Jose cops in attack, court says https://t.co/0noLrFlaVG",0.145,0.155,0.7,-0.0516
@FoxNews,Tue Jul 31 04:45:00 +0000 2018,70,".@POTUS to Iran: ""They want to meet? I'll meet - any time they want...It's good for the country, good for them, goo‚Ä¶ https://t.co/7JAyxjAvok",0.272,0.0,0.728,0.7269
@FoxNews,Tue Jul 31 04:38:00 +0000 2018,71,Suspects confess to swiping shark from San Antonio Aquarium in baby stroller https://t.co/QmPRruvfrC,0.0,0.167,0.833,-0.34
@FoxNews,Tue Jul 31 04:30:00 +0000 2018,72,Rudy Giuliani: ‚ÄúYou could investigate an innocent man forever.‚Äù https://t.co/OnvFb3VR3U,0.211,0.0,0.789,0.34
@FoxNews,Tue Jul 31 04:22:03 +0000 2018,73,After one family saw a dog staring longingly into the window of a restaurant while they were in line at the drive-t‚Ä¶ https://t.co/xnS7LscdPG,0.078,0.0,0.922,0.1779
@FoxNews,Tue Jul 31 04:15:00 +0000 2018,74,".@dbongino: ‚ÄúTax reform was just monumental, we see now the effects on the economy, 4.1% growth.‚Äù https://t.co/bOLDZSbHzQ",0.0,0.0,1.0,0.0
@FoxNews,Tue Jul 31 04:08:00 +0000 2018,75,"After one woman‚Äôs tweet featuring a homeless web designer‚Äôs unconventional job hunting tactic went viral, David Cas‚Ä¶ https://t.co/ijySyHLqcA",0.0,0.0,1.0,0.0
@FoxNews,Tue Jul 31 04:01:00 +0000 2018,76,".@POTUS: ""The [Italian] Prime Minister and I also agree that the brutal regime in Iran must never be allowed to pos‚Ä¶ https://t.co/TgZMeYEbwv",0.098,0.16,0.742,-0.3818
@FoxNews,Tue Jul 31 03:53:00 +0000 2018,77,".@ChristopherHahn: ‚ÄúIf [@POTUS] doesn‚Äôt get his wall before this Congress leaves, he won‚Äôt get his wall.‚Äù‚Ä¶ https://t.co/uoCjEAL2So",0.0,0.0,1.0,0.0
@FoxNews,Tue Jul 31 03:45:50 +0000 2018,78,Showdown in Virginia: Manafort fraud trial set to kick off in first Mueller probe prosecution‚Ä¶ https://t.co/0ZLf4HEY2h,0.0,0.202,0.798,-0.5859
@FoxNews,Tue Jul 31 03:40:00 +0000 2018,79,".@MonicaCrowley: ‚ÄúThe reason we have Donald Trump‚Ä¶is because he went out into the heartland and he said, ‚ÄòYou know‚Ä¶ https://t.co/0OHEjKaEyJ",0.0,0.0,1.0,0.0
@FoxNews,Tue Jul 31 03:35:39 +0000 2018,80,President @realDonaldTrump threatens government shutdown over border wall https://t.co/VRREYH2jM2 https://t.co/iQCDXg1goV,0.0,0.224,0.776,-0.3818
@FoxNews,Tue Jul 31 03:25:30 +0000 2018,81,"""Everybody would do the same thing that I'm doing. We just have the opportunity and it's just our time right now.""‚Ä¶ https://t.co/kcjF8oucTu",0.118,0.0,0.882,0.4215
@FoxNews,Tue Jul 31 03:20:01 +0000 2018,82,".@ByronYork: ‚ÄúDonald Trump the candidate in 2016 really did blow up Republican orthodoxy in some very, very key way‚Ä¶ https://t.co/EEwpox1bVF",0.0,0.0,1.0,0.0
@FoxNews,Tue Jul 31 03:08:18 +0000 2018,83,".@IngrahamAngle: ‚ÄúOne could also make the argument that selling out American workers, and offering up our industrie‚Ä¶ https://t.co/p6AaSy8nnE",0.0,0.128,0.872,-0.3612
@FoxNews,Tue Jul 31 03:04:41 +0000 2018,84,"More than 450 people in Florida ordered to give up guns under new law, report says https://t.co/EgO5jcCeyQ",0.0,0.0,1.0,0.0
@FoxNews,Tue Jul 31 02:55:27 +0000 2018,85,.@RudyGiuliani says Trump team leaning towards ignoring Mueller questions: 'We don't think they have a legitimate i‚Ä¶ https://t.co/hZdsoq19EI,0.0,0.144,0.856,-0.4019
@FoxNews,Tue Jul 31 02:34:16 +0000 2018,86,Shark swiped from San Antonio Aquarium in baby stroller; suspect reportedly confesses https://t.co/JdwH6aIekl,0.0,0.155,0.845,-0.296
@FoxNews,Tue Jul 31 02:24:28 +0000 2018,87,"Trump supporters pelted by eggs, punches can sue San Jose cops after attack, court says https://t.co/U4kY1iCz8b",0.145,0.155,0.7,-0.0516
@FoxNews,Tue Jul 31 02:16:54 +0000 2018,88,OPINION: The left's obstruction of qualified #Trump nominees is yet another front in the war against the president https://t.co/QaH5ywd2SO,0.0,0.178,0.822,-0.5994
@FoxNews,Tue Jul 31 02:01:30 +0000 2018,89,Senator @RandPaul released a statement Monday saying he will support Supreme Court nominee Judge Brett Kavanaugh.‚Ä¶ https://t.co/dFCdNWNaRP,0.31,0.0,0.69,0.743
@FoxNews,Tue Jul 31 02:00:01 +0000 2018,90,Jimmy Hoffa investigation: Frank Sheeran and blood evidence found in the case https://t.co/k6wemTLgSm,0.0,0.0,1.0,0.0
@FoxNews,Tue Jul 31 01:53:00 +0000 2018,91,TSA calls reports it's surveilling ordinary Americans 'ridiculous' https://t.co/W0bSwy9Hea,0.0,0.0,1.0,0.0
@FoxNews,Tue Jul 31 01:48:47 +0000 2018,92,".@RudyGiuliani on Mueller investigation: ""@Comey is more discredited than anyone in this investigation...If you're‚Ä¶ https://t.co/gxGNlvXcsj",0.0,0.186,0.814,-0.4927
@FoxNews,Tue Jul 31 01:45:00 +0000 2018,93,President @realDonaldTrump holds his granddaughter Arabella‚Äôs hand as they walk across the South Lawn of the‚Ä¶ https://t.co/0tg9IcgAK4,0.167,0.0,0.833,0.4939
@FoxNews,Tue Jul 31 01:43:39 +0000 2018,94,".@RudyGiuliani on Mueller investigation: ""We've been driven further away from the idea of answering any questions f‚Ä¶ https://t.co/QYeMzSFGzn",0.0,0.0,1.0,0.0
@FoxNews,Tue Jul 31 01:38:01 +0000 2018,95,A Florida police officer who died a week after he was shot while on the job was remembered Saturday night by member‚Ä¶ https://t.co/pxF37Z3LrJ,0.0,0.153,0.847,-0.5574
@FoxNews,Tue Jul 31 01:30:00 +0000 2018,96,"A huge ""Trump 2020"" banner was unfurled at the New York @Yankees game on Sunday by fans of President‚Ä¶ https://t.co/8N0XrexpeK",0.113,0.0,0.887,0.3182
@FoxNews,Tue Jul 31 01:22:00 +0000 2018,97,"Texas mall robbery suspects claim to be Mexican nationals, police say https://t.co/XNkImFZLQG",0.0,0.179,0.821,-0.34
@FoxNews,Tue Jul 31 01:12:00 +0000 2018,98,"During a press conference with Italian Prime Minister Giuseppe Conte, President @realDonaldTrump reiterated his wee‚Ä¶ https://t.co/4rwbzkw06J",0.0,0.0,1.0,0.0
@FoxNews,Tue Jul 31 01:05:00 +0000 2018,99,Firefighters with Cal Fire Mendocino Unit cover themselves from smoke and ash created by an advancing wildfire on M‚Ä¶ https://t.co/UASR9p9cMH,0.089,0.107,0.804,-0.1027
@FoxNews,Tue Jul 31 00:53:42 +0000 2018,100,'Buckle Up Buttercup': @MichaelAvenatti Challenges @RudyGiuliani Over 'Stupidity' of @POTUS https://t.co/PXYSnZHwm8,0.115,0.0,0.885,0.0772
@nytimes,Tue Jul 31 10:30:04 +0000 2018,1,"Long lines of enthusiastic voters formed at polling stations in Zimbabwe on Monday, following a peaceful campaign w‚Ä¶ https://t.co/vJPQbnAGiO",0.286,0.0,0.714,0.7506
@nytimes,Tue Jul 31 10:16:03 +0000 2018,2,"""This is really frightening if this is the new normal,"" said an energy industry analyst in Norway https://t.co/suyqXeNVPk",0.097,0.162,0.741,-0.3384
@nytimes,Tue Jul 31 10:00:09 +0000 2018,3,Morning¬†Briefing: Here's what you need to know to start your day https://t.co/rOgwD44cHU https://t.co/xjkbXaoIbP,0.0,0.0,1.0,0.0
@nytimes,Tue Jul 31 09:43:05 +0000 2018,4,"""Stockpiling of food is not a practical response to a no-deal on Brexit and industry has not been approached by Gov‚Ä¶ https://t.co/Bm5r6AYqMR",0.0,0.0,1.0,0.0
@nytimes,Tue Jul 31 09:31:02 +0000 2018,5,Paul Manafort faces 32 charges of bank and tax fraud largely stemming from his work as a political consultant in Uk‚Ä¶ https://t.co/Vr8vlmfuWm,0.0,0.237,0.763,-0.7096
@nytimes,Tue Jul 31 09:14:05 +0000 2018,6,An actor‚Äôs suicide has rattled the cast of the hit musical ‚ÄúChicago‚Äù and raised thorny questions about workplace be‚Ä¶ https://t.co/PBmUjlSBix,0.0,0.268,0.732,-0.765
@nytimes,Tue Jul 31 09:00:03 +0000 2018,7,"Militants detonated a car bomb at a military checkpoint in the southern Philippine island of Basilan, killing at le‚Ä¶ https://t.co/2QZxATvCrY",0.0,0.322,0.678,-0.8225
@nytimes,Tue Jul 31 08:45:03 +0000 2018,8,RT @nytimesworld: Nuns in a convent breed endangered Mexican salamanders to make them into a cough syrup. They may be the only thing saving‚Ä¶,0.0,0.0,1.0,0.0
@nytimes,Tue Jul 31 08:33:04 +0000 2018,9,"This Italian town is known for its ceramics, but it hopes to become known as a center of suborbital flights https://t.co/I3WfNcpAlY",0.163,0.0,0.837,0.5719
@nytimes,Tue Jul 31 08:16:01 +0000 2018,10,RT @nytimesworld: At least 1.3 million people were deported to Auschwitz during World War II. About 1.1 million people died there. Fewer th‚Ä¶,0.0,0.263,0.737,-0.8176
@nytimes,Tue Jul 31 08:02:04 +0000 2018,11,The Trump administration is considering bypassing Congress to give a $100 billion tax cut to the wealthy by changin‚Ä¶ https://t.co/YSoWDGUkb0,0.116,0.097,0.787,0.1027
@nytimes,Tue Jul 31 07:47:02 +0000 2018,12,"RT @nytopinion: President Trump told Iowans ""farmers love me"" but many farmers think his trade war is a self-inflicted wound for the countr‚Ä¶",0.093,0.191,0.716,-0.5789
@nytimes,Tue Jul 31 07:32:04 +0000 2018,13,A vaccine scandal that has become one of the most visible public health crises in China in recent years https://t.co/rLBADLcPiP,0.0,0.139,0.861,-0.4404
@nytimes,Tue Jul 31 07:17:06 +0000 2018,14,Taking an organized tour of Nepal and Bhutan was supposed to make a complicated trip less daunting. But would it ma‚Ä¶ https://t.co/PRaXSscmJP,0.0,0.0,1.0,0.0
@nytimes,Tue Jul 31 07:02:00 +0000 2018,15,Many feel that a draft list of citizens released by the Indian government has disproportionately left off Muslims a‚Ä¶ https://t.co/P3reHBAAzR,0.0,0.0,1.0,0.0
@nytimes,Tue Jul 31 06:40:22 +0000 2018,16,Blue-collar workers at an Ohio factory said they support President Trump on tariffs regardless of the cost. ‚ÄúIf it‚Ä¶ https://t.co/lM3XSUlP49,0.124,0.0,0.876,0.4019
@nytimes,Tue Jul 31 06:22:36 +0000 2018,17,It's not just service dogs: Here's why management companies allow emotional-support animals in pet-free buildings https://t.co/kh5LpmC5Ub,0.112,0.0,0.888,0.2263
@nytimes,Tue Jul 31 06:04:37 +0000 2018,18,"Philippine Bombing Kills 10, Showing Insurgents Remain a Problem https://t.co/QumvhgCMds",0.0,0.47,0.53,-0.7351
@nytimes,Tue Jul 31 06:04:37 +0000 2018,19,"You know them from ‚ÄúKilling Eve,‚Äù ‚ÄúBarry,‚Äù and more. But here‚Äôs what your favorite TV stars were up to before they‚Ä¶ https://t.co/KRUk7tGbgl",0.16,0.0,0.84,0.6124
@nytimes,Tue Jul 31 05:48:21 +0000 2018,20,The proposed $100 billion bullet train to connect LA to San Francisco is the most ambitious public transportation p‚Ä¶ https://t.co/kLN3cUiryd,0.152,0.0,0.848,0.5256
@nytimes,Tue Jul 31 10:30:04 +0000 2018,21,"Long lines of enthusiastic voters formed at polling stations in Zimbabwe on Monday, following a peaceful campaign w‚Ä¶ https://t.co/vJPQbnAGiO",0.286,0.0,0.714,0.7506
@nytimes,Tue Jul 31 10:16:03 +0000 2018,22,"""This is really frightening if this is the new normal,"" said an energy industry analyst in Norway https://t.co/suyqXeNVPk",0.097,0.162,0.741,-0.3384
@nytimes,Tue Jul 31 10:00:09 +0000 2018,23,Morning¬†Briefing: Here's what you need to know to start your day https://t.co/rOgwD44cHU https://t.co/xjkbXaoIbP,0.0,0.0,1.0,0.0
@nytimes,Tue Jul 31 09:43:05 +0000 2018,24,"""Stockpiling of food is not a practical response to a no-deal on Brexit and industry has not been approached by Gov‚Ä¶ https://t.co/Bm5r6AYqMR",0.0,0.0,1.0,0.0
@nytimes,Tue Jul 31 09:31:02 +0000 2018,25,Paul Manafort faces 32 charges of bank and tax fraud largely stemming from his work as a political consultant in Uk‚Ä¶ https://t.co/Vr8vlmfuWm,0.0,0.237,0.763,-0.7096
@nytimes,Tue Jul 31 09:14:05 +0000 2018,26,An actor‚Äôs suicide has rattled the cast of the hit musical ‚ÄúChicago‚Äù and raised thorny questions about workplace be‚Ä¶ https://t.co/PBmUjlSBix,0.0,0.268,0.732,-0.765
@nytimes,Tue Jul 31 09:00:03 +0000 2018,27,"Militants detonated a car bomb at a military checkpoint in the southern Philippine island of Basilan, killing at le‚Ä¶ https://t.co/2QZxATvCrY",0.0,0.322,0.678,-0.8225
@nytimes,Tue Jul 31 08:45:03 +0000 2018,28,RT @nytimesworld: Nuns in a convent breed endangered Mexican salamanders to make them into a cough syrup. They may be the only thing saving‚Ä¶,0.0,0.0,1.0,0.0
@nytimes,Tue Jul 31 08:33:04 +0000 2018,29,"This Italian town is known for its ceramics, but it hopes to become known as a center of suborbital flights https://t.co/I3WfNcpAlY",0.163,0.0,0.837,0.5719
@nytimes,Tue Jul 31 08:16:01 +0000 2018,30,RT @nytimesworld: At least 1.3 million people were deported to Auschwitz during World War II. About 1.1 million people died there. Fewer th‚Ä¶,0.0,0.263,0.737,-0.8176
@nytimes,Tue Jul 31 08:02:04 +0000 2018,31,The Trump administration is considering bypassing Congress to give a $100 billion tax cut to the wealthy by changin‚Ä¶ https://t.co/YSoWDGUkb0,0.116,0.097,0.787,0.1027
@nytimes,Tue Jul 31 07:47:02 +0000 2018,32,"RT @nytopinion: President Trump told Iowans ""farmers love me"" but many farmers think his trade war is a self-inflicted wound for the countr‚Ä¶",0.093,0.191,0.716,-0.5789
@nytimes,Tue Jul 31 07:32:04 +0000 2018,33,A vaccine scandal that has become one of the most visible public health crises in China in recent years https://t.co/rLBADLcPiP,0.0,0.139,0.861,-0.4404
@nytimes,Tue Jul 31 07:17:06 +0000 2018,34,Taking an organized tour of Nepal and Bhutan was supposed to make a complicated trip less daunting. But would it ma‚Ä¶ https://t.co/PRaXSscmJP,0.0,0.0,1.0,0.0
@nytimes,Tue Jul 31 07:02:00 +0000 2018,35,Many feel that a draft list of citizens released by the Indian government has disproportionately left off Muslims a‚Ä¶ https://t.co/P3reHBAAzR,0.0,0.0,1.0,0.0
@nytimes,Tue Jul 31 06:40:22 +0000 2018,36,Blue-collar workers at an Ohio factory said they support President Trump on tariffs regardless of the cost. ‚ÄúIf it‚Ä¶ https://t.co/lM3XSUlP49,0.124,0.0,0.876,0.4019
@nytimes,Tue Jul 31 06:22:36 +0000 2018,37,It's not just service dogs: Here's why management companies allow emotional-support animals in pet-free buildings https://t.co/kh5LpmC5Ub,0.112,0.0,0.888,0.2263
@nytimes,Tue Jul 31 06:04:37 +0000 2018,38,"Philippine Bombing Kills 10, Showing Insurgents Remain a Problem https://t.co/QumvhgCMds",0.0,0.47,0.53,-0.7351
@nytimes,Tue Jul 31 06:04:37 +0000 2018,39,"You know them from ‚ÄúKilling Eve,‚Äù ‚ÄúBarry,‚Äù and more. But here‚Äôs what your favorite TV stars were up to before they‚Ä¶ https://t.co/KRUk7tGbgl",0.16,0.0,0.84,0.6124
@nytimes,Tue Jul 31 05:48:21 +0000 2018,40,The proposed $100 billion bullet train to connect LA to San Francisco is the most ambitious public transportation p‚Ä¶ https://t.co/kLN3cUiryd,0.152,0.0,0.848,0.5256
@nytimes,Tue Jul 31 05:32:04 +0000 2018,41,RT @nytfood: This new pizza from @melissaclark is so good that you won‚Äôt mind turning on your oven to make it in the middle of summer https‚Ä¶,0.126,0.0,0.874,0.5777
@nytimes,Tue Jul 31 05:16:50 +0000 2018,42,Having trouble making financial decisions? Reframe thinking about money as a lifestyle choice. https://t.co/mtCFg1AK4I,0.0,0.184,0.816,-0.4019
@nytimes,Tue Jul 31 04:59:04 +0000 2018,43,"There is a growing trend in corporate America: CEOs branching out into activism. Just look at Starbucks, Dick‚Äôs and‚Ä¶ https://t.co/RQ5yID2qPH",0.086,0.0,0.914,0.1779
@nytimes,Tue Jul 31 04:42:03 +0000 2018,44,"RT @NYTHealth: Burning and scarring have been reported by women paying for ""vaginal rejuvenation"" treatments using lasers, prompting the FD‚Ä¶",0.0,0.0,1.0,0.0
@nytimes,Tue Jul 31 04:22:05 +0000 2018,45,RT @MitchKSmith: Minneapolis police officers won't face charges in the fatal shooting of Thurman Blevins. Prosecutors said Mr. Blevins was‚Ä¶,0.078,0.15,0.772,-0.3991
@nytimes,Tue Jul 31 04:02:02 +0000 2018,46,"Tom Cruise insists on doing his own stunts in ""Mission: Impossible."" Here are the 5 most dangerous stunts to pull o‚Ä¶ https://t.co/OgQeSrsFa3",0.0,0.145,0.855,-0.5256
@nytimes,Tue Jul 31 03:59:36 +0000 2018,47,Brexit Plans Raise Fears of Food Shortages and Jammed Ports https://t.co/7mJhhZB9og,0.0,0.328,0.672,-0.5267
@nytimes,Tue Jul 31 03:47:01 +0000 2018,48,Nuns in a convent breed endangered Mexican salamanders to make them into a cough syrup. They may be the only thing‚Ä¶ https://t.co/xKRpeiB8Fb,0.0,0.0,1.0,0.0
@nytimes,Tue Jul 31 03:32:05 +0000 2018,49,"With items that must always be in stock, new contracts and new corporate rules, the long-simmering tension between‚Ä¶ https://t.co/Nukqzw8KJ9",0.0,0.113,0.887,-0.3182
@nytimes,Tue Jul 31 03:17:02 +0000 2018,50,"RT @liamstack: It's here, people. The @NYTpolitics deep dive on alleged Bigfoot erotica. https://t.co/gmjaVyhk2h",0.0,0.0,1.0,0.0
@nytimes,Tue Jul 31 03:02:05 +0000 2018,51,"With 99 days to go until the November midterm election, the battleground in the fight for control of the House is s‚Ä¶ https://t.co/8KfEz9bLg9",0.0,0.202,0.798,-0.6486
@nytimes,Tue Jul 31 02:47:07 +0000 2018,52,"The climate is warming, but California's birds are finding ways to stay cool: ""Birds can manipulate all kinds of th‚Ä¶ https://t.co/DBBogfBH6o",0.183,0.0,0.817,0.5023
@nytimes,Tue Jul 31 02:32:02 +0000 2018,53,President Trump again threatened to shut down the federal government if Congress doesn't deliver on border security‚Ä¶ https://t.co/MLWtpdT6Tq,0.0,0.15,0.85,-0.4588
@nytimes,Tue Jul 31 02:17:04 +0000 2018,54,"RT @MarkMazzettiNYT: ‚ÄúCollusion isn‚Äôt a crime,‚Äù say Rudy and other Trump allies. But conspiracy most certainly is. https://t.co/bAt0sBosLm",0.153,0.199,0.648,-0.2641
@nytimes,Tue Jul 31 02:02:06 +0000 2018,55,"Is a $100 billion train the future of California or a boondoggle? Despite opposition, construction on the high-spee‚Ä¶ https://t.co/mtbN4SryPz",0.0,0.0,1.0,0.0
@nytimes,Tue Jul 31 01:47:02 +0000 2018,56,"New Jersey, in a first-of-its-kind initiative, has set aside millions to pay for community journalism. ""It‚Äôs one of‚Ä¶ https://t.co/eB2LWAOWnb",0.0,0.076,0.924,-0.1027
@nytimes,Tue Jul 31 01:32:04 +0000 2018,57,"If you missed Mars at opposition a few nights ago, you'll get a chance to see the red planet at its closest approac‚Ä¶ https://t.co/9bV33qJdAH",0.083,0.091,0.826,-0.0516
@nytimes,Tue Jul 31 01:17:02 +0000 2018,58,"RT @jdelreal: Today in Redding I spoke to some of the 35k individuals displaced by the Carr Fire. They are grateful to be alive, but desper‚Ä¶",0.138,0.062,0.8,0.2732
@nytimes,Tue Jul 31 01:03:10 +0000 2018,59,Evening Briefing: Here's what you need to know at the end of the day https://t.co/zytFS4cBuJ,0.0,0.0,1.0,0.0
@nytimes,Tue Jul 31 00:47:05 +0000 2018,60,"Talk has been swirling in the UK over preparations for a ""no deal"" Brexit ‚Äî a scenario that could mean new border c‚Ä¶ https://t.co/tdSstAuHlh",0.0,0.099,0.901,-0.296
@nytimes,Tue Jul 31 00:32:03 +0000 2018,61,"Florida has an algae problem, and it‚Äôs big. A toxic bloom in the waters off the state‚Äôs southwestern coast is killi‚Ä¶ https://t.co/azPtXN5ZuJ",0.0,0.119,0.881,-0.4019
@nytimes,Tue Jul 31 00:17:02 +0000 2018,62,"RT @NYTObits: Herman Shine, who escaped Auschwitz with the help of his best friend and a Polish civilian, then was sheltered by the woman w‚Ä¶",0.325,0.0,0.675,0.8779
@nytimes,Tue Jul 31 00:02:08 +0000 2018,63,"Who are Alex Faust and Laura Coates? Two potential replacements for Alex Trebek, who said he may stop hosting ""Jeop‚Ä¶ https://t.co/EyR63Rddei",0.0,0.099,0.901,-0.296
@nytimes,Mon Jul 30 23:47:05 +0000 2018,64,There it was: Glowering red on the dashboard of the sky like an astrological warning light next to the full Blood M‚Ä¶ https://t.co/L09ipEf0cF,0.097,0.093,0.811,0.0258
@nytimes,Mon Jul 30 23:32:03 +0000 2018,65,"Roughly 37,000 people were forced to evacuate their homes in recent days as wildfires raged in California. ‚ÄúAll tha‚Ä¶ https://t.co/BXfxZnBJUR",0.0,0.25,0.75,-0.7184
@nytimes,Mon Jul 30 23:17:03 +0000 2018,66,"RT @jasondhorowitz: As Manafort's trial begins, meet the American reporter turned Italian media celebrity turned Manafort associate and org‚Ä¶",0.0,0.0,1.0,0.0
@nytimes,Mon Jul 30 23:02:03 +0000 2018,67,"‚ÄúI consider myself a flaming feminist,‚Äù Justice Ruth Bader Ginsburg said on Sunday after a performance of ‚ÄúThe Orig‚Ä¶ https://t.co/cvQU59EwB1",0.167,0.0,0.833,0.5267
@nytimes,Mon Jul 30 22:47:04 +0000 2018,68,Evening Briefing: Here's what you need to know at the end of the day https://t.co/I71CzzEL7C,0.0,0.0,1.0,0.0
@nytimes,Mon Jul 30 22:32:07 +0000 2018,69,"‚ÄúI have a sense of humor,‚Äù Denver Riggleman said. ‚ÄúI‚Äôm not going to apologize for personality.‚Äù https://t.co/i8uhxYUwOZ",0.0,0.08,0.92,-0.0762
@nytimes,Mon Jul 30 22:12:04 +0000 2018,70,RT @dougmillsnyt: .@realDonaldTrump pumps his fist after his new Secretary of Veterans Affairs  Robert Wilkie is sworn-in by @VP Mike Pence‚Ä¶,0.0,0.0,1.0,0.0
@nytimes,Mon Jul 30 21:59:04 +0000 2018,71,"A rare violin turned up in a Massachusetts pawnshop, sold for $50. The catch? It was stolen. And worth more than $2‚Ä¶ https://t.co/4y07zCoKQW",0.079,0.133,0.788,-0.3182
@nytimes,Mon Jul 30 21:48:04 +0000 2018,72,RT @natashanyt: This just in: After the publication of our story --plus a Future of Privacy Forum inquiry https://t.co/B5WYa0KG9o -- the Co‚Ä¶,0.0,0.0,1.0,0.0
@nytimes,Mon Jul 30 21:40:05 +0000 2018,73,"Our commitment to the truth is more important now than ever.

Read about President Trump's meeting with the publish‚Ä¶ https://t.co/9xIjtvQagO",0.291,0.0,0.709,0.7178
@nytimes,Mon Jul 30 21:32:05 +0000 2018,74,"It's summer. Time to read. Need some ideas? Follow https://t.co/BoMgme8DK6, a new home for quick reviews, news, aut‚Ä¶ https://t.co/uce6dLw6WP",0.0,0.0,1.0,0.0
@nytimes,Mon Jul 30 21:21:04 +0000 2018,75,"RT @arappeport: The Trump administration is mulling a unilateral $100bn tax cut for the wealthy, potentially wielding Treasury's regulatory‚Ä¶",0.121,0.102,0.777,0.1027
@nytimes,Mon Jul 30 21:13:39 +0000 2018,76,The Trump administration is considering bypassing Congress to give a $100 billion tax cut to the wealthy by changin‚Ä¶ https://t.co/qlMWSEHxRi,0.116,0.097,0.787,0.1027
@nytimes,Mon Jul 30 21:00:06 +0000 2018,77,"""Completely and totally refreshing"": The New York Times review of Amy Poehler and Nick Offerman's new crafting real‚Ä¶ https://t.co/nfrcFRjOPo",0.0,0.0,1.0,0.0
@nytimes,Mon Jul 30 20:50:06 +0000 2018,78,"Minneapolis police officers will not face criminal charges in the fatal shooting of Thurman Blevins, an armed man w‚Ä¶ https://t.co/U0N0giHZin",0.183,0.139,0.678,0.0232
@nytimes,Mon Jul 30 20:40:04 +0000 2018,79,Did you have a sexual experience where you‚Äôve always wanted to know what was in the other person‚Äôs head? Or where y‚Ä¶ https://t.co/4xB0Oo88jh,0.0,0.0,1.0,0.0
@nytimes,Mon Jul 30 20:30:03 +0000 2018,80,"If Florida's governor's primary is indication, Donald Trump can now effectively decide primaries with a single twee‚Ä¶ https://t.co/4HbmRsrOkB",0.153,0.0,0.847,0.4404
@nytimes,Mon Jul 30 20:15:02 +0000 2018,81,The family that lost nine relatives when a duck boat sank in Missouri filed a $100 million lawsuit against boat's o‚Ä¶ https://t.co/R53Iu0SRCf,0.0,0.189,0.811,-0.4939
@nytimes,Mon Jul 30 20:00:17 +0000 2018,82,"In Opinion,

Eva Wiseman writes, ""The pull of 'Love Island' is in the very contrast between the show and the politi‚Ä¶ https://t.co/z0frb4i513",0.167,0.0,0.833,0.6369
@nytimes,Mon Jul 30 19:45:05 +0000 2018,83,"Tom Cruise insists on doing his own stunts in ""Mission: Impossible."" Here are the 5 most dangerous stunts to pull o‚Ä¶ https://t.co/4hbCvQlDRO",0.0,0.145,0.855,-0.5256
@nytimes,Mon Jul 30 19:30:13 +0000 2018,84,"Octavia Spencer will executive produce and star in ‚ÄúMadam C.J. Walker,‚Äù a limited series on Netflix about one of th‚Ä¶ https://t.co/A6D15hp7MT",0.0,0.091,0.909,-0.2263
@nytimes,Mon Jul 30 19:15:06 +0000 2018,85,"In the High Sierra of California, massive ecological change is underway in response to climate change. Leading the‚Ä¶ https://t.co/tkHq6ysOyD",0.0,0.0,1.0,0.0
@nytimes,Mon Jul 30 19:00:17 +0000 2018,86,Paul Manafort is scheduled to go to trial for financial fraud charges starting on Tuesday. Here's what you need to‚Ä¶ https://t.co/Sy4fpFMoHy,0.0,0.237,0.763,-0.7096
@nytimes,Mon Jul 30 18:45:07 +0000 2018,87,"In Opinion

Colin Woodard writes, ""Contrary to conventional wisdom, the most significant and abiding divide in Amer‚Ä¶ https://t.co/aHnuB3sev5",0.256,0.0,0.744,0.6697
@nytimes,Mon Jul 30 18:30:03 +0000 2018,88,"With 99 days to go until the November midterm election, the battleground in the fight for control of the House is s‚Ä¶ https://t.co/E5oMX4FlsV",0.0,0.202,0.798,-0.6486
@nytimes,Mon Jul 30 18:15:09 +0000 2018,89,An actor‚Äôs suicide has rattled the cast of the hit musical ‚ÄúChicago‚Äù and raised thorny questions about workplace be‚Ä¶ https://t.co/P8VOZU4rJQ,0.0,0.268,0.732,-0.765
@nytimes,Mon Jul 30 18:00:11 +0000 2018,90,"With their eyes on jobs and revenue, small countries and territories, such as Bermuda, Malta and Gibraltar, are rac‚Ä¶ https://t.co/Xi6OYxk8Ik",0.0,0.0,1.0,0.0
@nytimes,Mon Jul 30 17:45:03 +0000 2018,91,"More than three million students who graduated in 2018 took surveys with the ACT, the SAT or the PSAT. In filling o‚Ä¶ https://t.co/cybdpf1tlt",0.0,0.0,1.0,0.0
@nytimes,Mon Jul 30 17:30:06 +0000 2018,92,"With items that must always be in stock, new contracts and new corporate rules, the long-simmering tension between‚Ä¶ https://t.co/O2hdEe9Zfk",0.0,0.113,0.887,-0.3182
@nytimes,Mon Jul 30 17:15:04 +0000 2018,93,"For the second time in three days, Pope Francis accepted the resignation of a powerful prelate ‚Äî this time, an Aust‚Ä¶ https://t.co/Jk4r6tk0jj",0.203,0.091,0.705,0.4019
@nytimes,Mon Jul 30 17:00:07 +0000 2018,94,"The gripper, the spinner, the bed maker: How robot hands are evolving to do what ours can https://t.co/H1uQVoin3w",0.0,0.0,1.0,0.0
@nytimes,Mon Jul 30 16:45:08 +0000 2018,95,"""Sephora meets Coachella"": Inside Beautycon, the beauty event that‚Äôs equal parts competitive shopping scene, feel-g‚Ä¶ https://t.co/PJYC4qSLtS",0.282,0.0,0.718,0.6705
@nytimes,Mon Jul 30 16:30:08 +0000 2018,96,Families and doctors of patients in a persistent vegetative state in Britain will no longer need permission from a‚Ä¶ https://t.co/4leN3cCUqP,0.0,0.109,0.891,-0.296
@nytimes,Mon Jul 30 16:15:09 +0000 2018,97,The proposed $100 billion bullet train to connect LA to San Francisco is the most ambitious public transportation p‚Ä¶ https://t.co/JRYt5kCzra,0.152,0.0,0.848,0.5256
@nytimes,Mon Jul 30 16:01:30 +0000 2018,98,"Two of Vogue's top editors ‚Äî Tonne Goodman, the magazine‚Äôs fashion director, and Phyllis Posnick, its executive fas‚Ä¶ https://t.co/TDwFUyhBvY",0.096,0.0,0.904,0.2023
@nytimes,Mon Jul 30 15:45:09 +0000 2018,99,"We‚Äôre looking for people who would be willing to have both parties talk about sex, each from their perspective. Sha‚Ä¶ https://t.co/LoBeCl4Oaj",0.119,0.0,0.881,0.4019
@nytimes,Mon Jul 30 15:34:55 +0000 2018,100,"In Opinion

David Leonhardt's piece comes as a rebuttal to Op-Ed columnist¬†Bret Stephens' Opinion story ‚ÄúHow Trump‚Ä¶ https://t.co/lPcCXYDhpv",0.0,0.0,1.0,0.0
